Label,UrlLength,DotsCount,HyphenCount,DigitsCount,SpecialCharactersCount,UsesHttps,HasIpAddressAsHost,HasAtSymbol,SubdomainCount,SuspiciousKeywordCount
true,82,7,0,7,29,0,0,0,1,5
false,55,1,0,1,7,1,0,0,0,0
true,143,2,3,15,28,1,0,0,3,4
false,53,1,1,0,6,1,0,0,0,0
true,109,1,1,15,32,1,0,0,0,5
false,115,1,0,13,30,1,0,0,3,1
true,76,2,2,22,17,0,1,0,0,5
true,65,2,5,4,13,0,0,0,2,6
false,69,3,2,0,14,1,0,0,2,3
true,86,1,3,4,20,1,0,0,0,7
true,100,4,0,1,27,0,0,0,4,7
true,54,1,0,0,12,1,0,0,0,6
true,96,1,2,9,32,0,0,0,1,9
false,43,2,0,4,7,1,0,0,1,1
true,121,2,2,12,20,0,0,1,0,8
true,62,2,4,0,15,1,0,0,1,4
false,44,3,0,5,5,1,0,0,1,0
false,25,1,1,0,2,1,0,0,0,0
false,28,2,0,1,6,1,0,0,0,1
true,90,3,0,8,30,0,0,0,0,6
true,92,8,8,0,20,1,0,0,2,8
true,150,2,1,11,48,1,1,0,4,7
true,106,1,5,0,32,0,0,0,2,5
false,45,2,1,0,4,1,0,0,0,1
true,164,9,7,8,40,1,0,0,4,7
false,70,1,1,0,7,1,0,0,0,1
true,106,4,1,13,33,0,0,0,2,4
true,125,5,4,4,33,0,0,1,2,3
false,45,2,0,4,6,1,0,0,0,0
false,25,2,2,3,3,0,0,0,1,1
false,65,1,0,2,9,1,0,0,0,0
true,73,6,6,6,27,0,0,1,0,3
false,62,1,1,2,13,1,0,0,0,0
false,51,3,0,9,7,1,0,0,1,3
false,57,1,0,4,6,1,0,0,0,0
false,42,2,1,2,4,1,0,0,1,0
false,26,1,0,3,3,1,0,0,0,1
false,88,3,2,0,12,0,0,0,1,0
true,70,4,6,21,18,1,0,0,0,4
false,64,1,2,5,14,0,0,0,0,1
true,85,6,1,12,27,1,0,0,0,5
false,73,3,0,1,13,1,0,0,1,0
true,82,3,2,9,22,0,0,0,0,7
true,112,1,1,8,19,0,0,0,0,5
true,131,4,5,7,28,1,0,0,4,3
false,30,2,1,0,6,1,0,0,1,0
false,95,2,0,0,14,0,0,0,0,1
true,86,1,2,17,30,0,1,1,2,7
false,74,1,1,3,15,0,0,0,0,0
false,44,1,1,0,5,1,1,0,0,0
false,75,3,5,7,17,1,0,0,2,0
true,108,6,10,9,39,1,0,0,4,8
false,98,1,2,11,25,1,0,0,1,0
false,50,1,1,0,7,0,0,0,0,0
false,104,1,1,13,26,1,0,0,2,2
true,50,3,1,0,10,1,0,0,1,9
false,33,2,0,2,5,1,0,0,0,2
false,24,2,0,4,2,0,0,0,0,0
false,81,1,0,0,14,1,0,0,0,0
true,50,3,0,7,9,0,0,0,0,7
true,136,4,6,16,39,1,1,0,1,7
true,125,6,6,0,39,0,1,0,3,6
false,70,2,1,2,15,1,0,0,0,1
true,111,4,1,12,24,0,0,0,3,7
true,148,4,4,10,33,0,0,1,1,6
false,43,1,1,0,4,1,0,0,0,1
false,52,3,3,0,11,1,0,0,2,0
false,61,2,4,9,15,1,0,0,0,0
true,80,2,0,10,27,1,0,0,1,6
true,145,2,5,2,45,0,0,0,2,7
false,42,1,1,1,6,1,0,0,0,0
false,64,2,0,2,10,1,0,0,0,0
true,90,1,1,5,22,0,0,0,5,6
false,89,1,1,1,20,0,0,0,0,1
true,103,4,0,11,25,1,1,0,1,8
true,134,1,8,8,38,1,0,0,2,5
false,45,1,0,0,4,1,0,0,0,0
true,61,6,0,3,14,0,1,0,0,3
true,126,3,7,9,30,1,0,0,1,5
false,64,1,2,6,7,0,0,0,0,1
false,38,2,0,0,6,1,0,0,0,0
false,64,1,0,2,7,1,0,0,0,0
false,45,1,3,1,6,0,0,0,0,1
true,106,1,1,0,33,1,0,0,0,5
true,80,1,1,0,13,1,0,0,2,5
false,46,1,1,3,9,1,0,0,0,1
false,50,1,2,3,7,1,0,0,0,0
false,53,1,2,1,7,1,0,0,0,1
false,49,3,2,3,5,1,0,0,0,0
true,70,1,2,10,17,1,0,0,0,7
false,15,2,1,2,2,1,0,0,0,0
true,82,4,1,18,26,0,0,0,2,7
true,115,6,2,7,30,0,0,0,3,10
false,47,3,0,1,5,1,0,0,0,0
true,110,1,2,8,37,1,0,0,0,7
true,115,5,7,9,23,0,0,0,5,6
false,77,3,3,7,17,1,0,0,2,1
true,107,1,1,6,21,0,0,1,0,6
false,60,3,3,3,17,1,0,0,1,0
true,54,1,0,5,10,1,0,0,0,2
true,99,5,1,16,20,0,0,1,3,6
true,91,3,4,6,25,1,0,0,2,2
true,90,1,0,0,21,1,0,0,3,2
true,161,7,3,0,29,0,0,0,1,4
false,100,2,2,7,18,1,0,0,1,4
false,64,3,0,1,10,1,0,0,2,0
true,50,2,2,10,16,0,0,0,0,12
true,64,6,2,14,16,0,0,0,2,9
false,59,1,1,4,6,1,0,0,0,0
true,113,1,1,1,34,1,0,0,0,4
false,21,2,0,1,3,1,0,0,0,0
false,109,2,2,8,25,1,0,0,2,0
true,106,1,7,14,30,0,0,0,3,6
false,36,1,1,0,4,1,0,0,0,1
false,48,2,3,0,7,0,0,0,0,1
true,64,1,2,7,13,0,0,0,0,6
false,71,1,4,3,18,1,0,0,2,2
false,88,3,4,6,22,1,0,0,1,0
true,75,1,2,6,12,0,0,0,0,8
false,54,1,0,1,12,0,0,0,1,0
false,49,1,1,1,7,1,0,0,0,1
true,126,3,0,6,38,1,0,1,5,3
true,67,5,2,10,15,0,0,0,0,2
false,67,1,1,3,13,0,0,0,1,0
true,109,1,9,2,30,1,0,0,5,5
false,87,2,1,9,15,1,0,0,0,0
false,38,2,0,7,6,1,0,0,0,0
true,121,2,0,2,38,1,0,0,0,6
false,84,2,0,1,13,1,0,0,0,2
true,104,2,0,10,31,0,0,0,0,8
true,101,5,2,6,34,0,1,1,0,5
true,100,2,3,4,16,1,0,0,2,7
false,71,3,1,15,19,1,0,0,0,0
false,84,2,0,0,17,1,0,0,0,0
false,57,2,3,2,10,1,0,0,0,0
false,85,2,1,5,15,0,0,0,0,0
false,59,2,0,2,12,1,0,0,0,0
true,76,3,0,8,25,0,0,0,0,5
false,91,2,3,0,16,1,0,0,0,0
false,50,1,0,1,6,1,0,0,0,1
true,86,6,1,4,25,1,0,0,3,4
true,48,7,4,9,15,0,0,0,3,6
false,37,2,0,4,6,1,0,0,1,0
false,72,1,0,1,13,1,0,0,0,2
false,22,1,0,1,4,1,0,0,0,0
true,88,2,0,4,26,0,0,0,1,7
false,42,3,0,0,6,1,0,0,0,0
false,52,2,0,2,5,1,0,0,0,1
false,60,2,1,9,13,1,0,0,2,0
true,78,1,2,7,17,0,0,0,0,4
true,88,4,4,6,21,1,0,0,4,3
false,48,2,0,2,5,1,0,0,0,0
false,46,2,1,0,6,1,0,0,0,0
true,94,1,8,8,31,1,0,1,3,5
true,153,6,2,5,55,1,1,1,1,5
false,45,1,1,3,5,1,0,0,0,0
false,30,1,0,1,6,1,0,0,0,0
false,121,1,2,15,35,1,0,0,3,0
true,188,2,4,16,54,1,0,1,2,2
true,97,1,2,10,32,0,0,0,0,6
true,137,7,0,20,25,0,0,0,2,2
true,77,2,3,10,12,1,0,0,0,4
false,66,1,1,0,12,1,0,0,0,0
false,26,1,1,3,3,1,0,0,0,0
true,123,3,3,0,30,0,0,0,0,11
true,82,4,3,12,19,0,0,1,4,8
true,98,3,0,4,24,0,0,0,0,8
false,56,1,1,2,9,1,0,0,0,0
true,79,2,2,2,20,1,0,0,0,7
true,143,5,4,17,40,1,0,0,2,7
false,86,3,3,12,23,1,0,0,1,0
false,57,2,1,4,7,1,0,0,0,0
true,107,5,3,14,19,1,0,1,4,7
false,99,2,4,3,26,1,0,0,1,2
true,45,1,3,5,13,1,0,0,4,8
true,72,1,5,1,15,0,0,0,2,8
false,15,2,0,1,2,1,0,0,0,0
false,21,2,0,3,4,1,0,0,0,0
false,56,3,1,2,12,0,1,0,1,0
true,124,1,7,6,40,0,0,0,0,5
true,93,1,0,10,15,1,0,1,0,6
false,107,1,2,9,31,1,0,0,0,0
false,91,2,1,6,12,0,0,0,1,0
true,101,5,2,5,25,0,0,0,2,4
false,68,2,0,3,8,1,0,0,0,0
true,110,5,4,6,33,1,1,0,2,6
true,130,5,5,12,37,1,0,1,4,2
false,49,1,1,8,6,1,0,0,0,0
false,24,2,0,0,3,1,0,0,0,0
false,75,1,1,4,12,1,0,0,0,1
false,66,1,0,3,11,1,0,0,0,0
true,111,7,1,3,33,0,0,0,2,6
false,51,1,1,0,8,1,0,0,0,0
true,76,2,0,6,15,1,0,0,2,2
false,27,1,0,1,5,1,0,0,0,1
false,41,1,0,2,5,1,0,0,0,0
false,52,1,4,2,11,0,0,0,0,0
true,111,1,2,2,28,1,0,0,1,3
false,90,1,3,8,15,1,0,0,1,2
false,55,1,0,1,8,1,0,0,0,0
true,118,1,3,0,37,0,0,0,1,4
true,103,1,4,14,20,0,0,0,0,9
true,65,2,0,10,17,0,0,0,1,6
true,145,3,2,14,29,0,0,0,2,6
true,106,2,4,12,26,0,0,0,0,8
false,39,1,0,0,4,1,0,0,0,0
true,127,2,4,0,28,0,0,0,3,5
true,118,1,2,4,38,0,0,0,0,7
false,55,2,0,9,14,1,0,0,2,2
false,45,1,0,1,7,1,0,0,0,0
false,129,2,6,4,30,1,0,0,2,2
true,73,2,0,2,12,0,0,0,0,7
false,101,3,1,3,18,1,0,0,3,0
false,60,2,3,2,10,0,0,0,0,0
false,18,4,2,2,2,1,0,0,2,1
true,112,1,0,15,37,0,0,0,1,4
true,96,1,4,0,18,0,0,0,5,6
false,37,1,2,1,4,1,0,0,0,0
false,27,1,1,2,5,1,0,0,0,1
true,125,6,6,13,35,0,0,0,7,6
true,53,4,3,29,10,0,0,0,0,1
false,32,3,2,1,5,1,0,0,2,1
true,77,4,4,7,14,0,0,1,0,8
false,59,2,0,1,7,1,0,0,0,0
true,98,2,1,12,17,0,0,0,0,7
false,83,1,1,12,15,1,0,0,2,0
false,48,2,0,2,6,1,0,0,0,0
true,85,5,6,0,20,0,0,0,3,6
true,53,1,0,0,8,1,0,0,2,5
true,116,2,0,7,38,1,0,0,1,4
false,21,2,0,4,2,1,0,0,0,0
false,75,1,0,2,16,1,0,0,0,0
false,108,4,3,10,29,1,0,0,2,0
false,45,2,0,3,9,1,0,0,1,0
false,89,2,2,15,16,1,0,0,1,3
false,50,1,0,4,8,1,0,0,0,0
true,69,4,3,6,14,1,0,0,1,7
false,55,2,0,4,10,1,0,0,1,1
false,74,2,1,1,11,0,0,0,1,0
false,125,1,4,15,22,1,0,0,0,1
true,69,2,2,10,19,0,0,0,1,4
false,35,1,2,4,5,1,0,0,0,0
false,54,1,2,0,11,1,0,0,0,2
true,110,1,1,4,30,0,0,0,1,3
false,62,2,1,2,12,0,0,0,2,0
false,52,1,0,0,5,0,0,0,0,1
true,123,7,1,8,40,0,0,0,1,3
true,89,4,0,5,25,1,0,0,1,5
true,146,2,1,11,50,0,1,0,0,1
true,116,1,0,5,36,0,0,0,0,6
false,53,1,1,3,11,1,0,0,0,1
false,117,2,2,0,21,1,0,0,3,1
false,101,1,0,8,24,1,0,0,1,1
false,58,1,1,0,9,1,0,0,0,0
true,89,3,4,8,19,0,0,0,1,7
true,53,1,0,14,18,0,0,0,1,5
false,105,2,4,6,19,1,0,0,1,0
false,52,2,1,2,9,1,0,0,1,1
false,45,3,0,3,5,1,0,0,0,0
true,100,3,0,11,24,1,0,0,0,8
false,27,2,3,7,3,1,0,0,0,1
true,59,6,6,14,15,1,0,0,2,5
true,97,2,2,22,34,1,0,1,1,4
true,126,1,1,7,31,0,0,0,0,5
false,109,2,2,5,25,1,0,0,0,1
true,68,5,6,2,12,0,1,0,4,3
false,40,1,1,5,7,1,0,0,0,1
false,78,3,1,2,20,1,0,0,3,1
false,91,1,0,0,14,1,0,0,0,1
false,34,2,1,0,6,1,0,0,1,0
true,96,4,2,0,27,0,0,0,3,5
true,92,3,1,8,27,0,0,0,0,7
false,68,2,3,3,11,1,0,0,0,0
true,174,1,6,13,47,0,0,0,3,7
false,41,1,0,3,7,1,0,0,0,0
true,119,4,8,3,43,0,1,0,4,5
true,60,2,3,1,14,1,0,0,2,7
false,37,1,0,0,7,1,0,0,0,0
true,69,1,2,4,17,1,0,0,0,3
true,45,5,5,20,8,1,0,0,0,6
true,113,2,3,0,29,0,0,0,0,7
false,23,1,1,2,4,1,0,0,0,0
true,110,2,1,10,32,0,0,0,1,4
true,98,3,5,18,31,1,1,0,2,4
true,74,2,1,10,18,0,0,0,1,4
false,36,1,0,0,5,1,0,0,0,1
false,75,2,2,7,14,0,0,0,3,1
false,26,1,1,0,4,1,0,0,0,1
false,36,2,3,0,7,1,0,0,0,2
true,106,1,1,19,22,0,0,0,0,5
true,120,1,1,4,40,0,0,0,0,10
true,57,2,1,0,10,0,0,0,1,9
false,39,1,0,4,8,1,0,0,0,0
false,61,1,0,1,9,1,0,0,0,1
true,102,1,0,4,21,1,0,0,1,3
true,154,2,3,6,44,1,0,0,3,9
false,24,2,2,5,5,1,0,0,0,0
true,94,6,7,12,30,0,0,0,3,5
false,21,2,0,2,2,1,0,0,1,0
true,92,2,7,20,27,1,0,0,0,2
false,45,1,2,0,6,1,0,0,0,0
false,95,3,0,2,23,1,0,0,2,0
false,118,4,3,10,30,1,0,0,3,3
false,72,1,2,0,7,0,0,0,0,0
true,185,5,3,12,38,1,0,1,3,5
false,47,1,0,0,8,1,0,0,0,0
true,100,3,3,11,26,0,0,0,2,4
false,55,1,2,3,9,1,0,0,0,0
false,37,2,0,2,6,1,0,0,0,0
true,153,2,2,15,32,1,0,0,0,7
false,31,2,2,3,3,1,0,0,0,0
true,112,5,1,3,36,0,1,0,1,2
false,42,2,2,0,5,0,0,0,0,0
true,121,1,0,0,34,0,0,1,1,8
false,86,3,2,3,24,1,0,0,3,0
false,25,1,0,3,5,1,0,0,0,0
true,121,4,3,13,43,1,0,0,3,7
false,21,1,1,4,4,1,0,0,0,0
false,73,1,1,7,19,0,0,0,1,1
false,48,1,1,1,9,1,0,0,0,1
false,33,1,0,0,6,1,0,0,0,0
true,94,6,2,13,19,0,0,0,3,7
false,49,3,1,2,6,1,0,0,1,0
true,148,1,0,2,39,0,0,0,0,8
false,30,2,2,1,4,0,0,0,0,0
false,52,1,0,0,10,1,0,0,0,0
true,103,1,3,4,35,0,0,0,3,4
true,56,5,0,1,18,0,0,0,2,2
false,94,2,1,6,19,1,0,0,3,1
true,84,5,0,11,23,0,0,1,4,4
true,68,3,4,3,12,1,0,0,3,6
true,135,5,5,1,36,0,0,0,1,7
true,98,1,3,13,32,0,1,0,0,2
true,67,1,2,9,22,0,0,0,0,6
false,51,2,0,0,9,1,0,0,0,0
true,147,7,6,7,38,1,0,0,1,4
false,68,1,2,5,15,0,0,0,2,0
true,50,1,0,0,9,0,0,0,0,10
false,48,1,0,1,10,1,0,0,0,0
false,50,1,1,2,9,1,0,0,0,0
true,97,4,6,9,26,0,1,0,5,7
false,89,1,2,0,14,1,0,0,0,0
true,103,5,5,7,31,0,0,0,4,3
true,65,6,4,20,12,0,0,0,4,2
true,91,5,9,10,28,1,0,0,5,6
true,100,2,3,6,26,1,0,0,0,8
false,80,2,0,5,16,1,0,0,0,0
true,91,8,0,17,22,1,0,0,3,5
true,113,4,3,12,26,0,1,1,1,1
true,96,1,1,1,22,1,0,0,1,4
false,33,1,1,4,7,1,0,0,0,1
true,93,3,1,8,19,1,0,0,0,6
true,108,1,1,5,33,0,0,1,0,5
true,105,3,2,18,37,1,0,0,2,8
false,55,2,4,10,11,1,0,0,1,0
true,100,1,1,0,29,1,0,0,0,7
false,60,3,1,4,7,1,0,0,2,0
true,132,1,0,14,43,0,0,0,1,8
false,85,1,1,0,20,0,0,0,1,0
true,100,5,6,5,18,0,0,0,1,5
true,75,5,6,5,13,0,0,0,4,4
false,33,2,1,4,4,1,0,0,1,2
true,97,5,2,11,35,0,0,1,5,4
false,101,2,3,7,18,1,0,0,1,2
true,72,1,0,3,15,0,0,0,1,5
false,73,1,0,2,13,0,0,0,2,0
true,122,1,3,9,34,1,0,0,0,4
true,95,3,0,17,19,1,0,1,2,7
true,75,1,0,6,21,1,0,0,0,7
false,101,3,5,12,20,1,0,0,3,1
true,105,1,0,5,31,0,0,0,0,5
true,55,1,5,4,15,0,0,0,2,5
true,53,3,2,0,13,1,0,0,2,5
false,53,1,0,3,10,1,0,0,0,0
false,59,2,1,0,9,1,0,0,0,1
false,58,1,1,2,7,1,0,0,0,1
false,44,3,1,5,4,1,0,0,1,1
false,57,2,0,0,8,1,0,0,0,1
false,46,2,1,3,7,1,0,1,0,0
true,100,4,6,10,31,0,0,1,1,7
false,48,2,2,0,11,0,0,0,0,0
false,43,1,0,2,6,0,1,0,0,0
true,83,4,5,24,27,0,0,0,0,7
false,45,1,1,4,9,1,0,0,0,0
false,41,1,0,6,5,1,0,0,0,0
true,90,3,4,4,15,0,0,0,0,9
false,81,2,1,1,16,1,0,0,0,0
true,61,3,7,26,17,0,1,1,3,5
true,87,3,3,9,32,0,1,0,2,5
true,116,1,10,20,25,0,0,0,3,6
true,112,3,1,6,18,1,0,0,0,8
true,62,3,1,6,17,1,1,1,0,1
true,56,1,0,11,15,0,0,0,0,7
true,55,4,5,18,17,1,0,0,3,5
false,104,3,3,12,23,1,0,0,3,1
true,133,2,3,9,30,0,0,1,4,9
true,87,5,4,10,29,0,0,0,4,4
false,23,4,3,0,2,1,0,0,1,0
false,28,1,1,3,3,1,0,0,0,0
true,78,1,1,14,24,1,0,0,0,8
false,77,1,1,0,16,1,0,0,0,0
false,85,2,2,7,13,1,0,0,2,0
false,44,2,0,2,8,1,0,0,0,0
true,104,3,1,17,29,0,0,0,1,3
true,68,2,3,12,13,1,0,0,0,5
true,85,1,0,14,16,0,0,0,0,9
false,96,2,1,8,27,1,0,0,2,1
false,57,1,0,0,12,1,0,0,0,2
false,82,3,1,0,14,1,0,0,1,0
true,130,3,5,6,27,0,0,1,1,8
true,82,3,1,14,22,0,0,1,0,4
true,99,2,1,0,25,1,0,0,1,7
true,99,6,4,25,37,1,0,0,2,6
true,94,7,3,9,30,0,0,1,4,6
false,85,2,3,7,16,1,0,0,2,1
false,70,1,0,3,14,1,0,0,0,0
true,81,2,1,4,17,1,0,0,0,8
false,82,3,0,10,21,1,0,0,2,2
true,74,3,3,18,19,0,0,0,0,2
false,54,1,0,4,6,0,0,0,0,0
false,71,1,0,1,12,1,0,0,0,2
true,124,1,5,5,33,1,0,0,3,7
false,109,2,1,14,20,1,0,0,2,2
false,38,2,2,0,6,1,0,0,0,0
false,39,3,1,3,6,1,0,0,1,0
false,104,1,0,11,27,1,0,0,2,0
false,37,2,0,4,7,1,0,0,1,0
false,58,2,1,0,11,1,0,0,0,0
true,117,1,0,0,24,1,0,0,0,7
true,130,1,1,7,39,0,0,0,0,5
true,110,1,2,7,27,0,0,0,0,8
true,132,4,0,0,29,1,0,0,3,7
false,20,1,3,5,4,0,0,0,1,0
false,60,2,2,0,6,1,0,0,1,1
true,114,1,0,4,23,1,0,0,0,7
false,100,3,2,5,24,1,0,0,3,0
false,55,2,0,4,15,1,0,0,3,3
true,63,2,0,8,14,1,0,0,0,5
false,125,2,0,4,14,0,0,0,0,0
true,95,1,1,12,28,1,0,0,0,7
true,102,2,0,7,23,1,0,0,0,8
false,100,3,0,0,21,1,0,0,0,2
true,81,3,4,4,21,1,0,0,4,6
false,105,3,3,8,25,1,0,0,2,0
false,72,2,2,5,18,1,0,0,2,1
true,93,5,4,7,17,0,0,1,5,3
false,117,5,3,8,19,1,0,0,1,0
true,91,5,3,14,26,1,0,0,2,3
false,28,1,2,4,6,1,0,0,0,0
true,109,8,8,6,36,1,0,1,1,11
true,96,4,5,7,20,1,0,0,2,6
false,52,1,2,1,8,1,0,0,0,2
false,79,1,0,0,11,1,0,0,0,1
false,67,2,0,4,10,0,0,0,0,0
true,143,7,3,3,52,0,0,0,1,3
true,121,1,0,7,38,1,0,0,0,9
true,112,5,1,2,39,0,0,0,3,8
false,70,2,1,4,10,1,0,0,0,0
true,129,3,9,10,48,1,0,0,3,6
true,64,3,0,15,18,0,0,0,1,4
false,69,1,1,4,7,1,0,0,0,0
true,83,2,2,3,22,1,0,0,1,7
true,99,1,3,0,28,0,0,1,1,8
true,67,1,0,13,22,1,0,0,1,6
false,42,3,0,3,8,1,0,0,1,2
true,100,1,2,11,32,1,0,0,0,8
true,115,3,4,14,21,0,0,0,4,7
false,53,1,1,0,9,1,0,0,0,0
true,80,2,8,5,16,0,0,0,3,3
false,47,2,0,2,9,1,0,0,0,0
true,49,4,0,16,10,0,0,0,0,1
true,59,5,0,25,21,1,0,1,0,2
false,63,1,0,7,10,1,0,0,0,0
true,108,1,5,9,22,0,1,1,0,5
true,124,4,4,19,41,1,0,1,3,6
false,83,1,4,11,17,1,0,0,2,1
true,71,2,4,5,13,1,0,0,2,3
false,34,2,0,0,6,0,0,0,0,0
true,138,5,5,18,45,1,0,1,2,6
true,83,2,2,0,27,0,0,0,0,8
true,74,3,2,3,21,1,0,0,0,6
true,116,8,6,6,30,0,0,0,0,8
true,102,2,2,5,27,0,0,0,2,4
false,28,2,0,0,3,1,0,0,0,1
false,133,1,1,17,38,1,0,0,1,0
false,41,2,1,2,7,1,0,0,0,0
false,54,1,0,1,7,0,0,0,0,0
false,72,1,0,2,7,1,0,0,0,1
false,68,1,3,5,9,1,0,0,0,1
false,15,1,0,0,2,1,0,0,0,0
true,128,3,5,1,27,0,0,0,2,3
true,108,4,2,21,25,0,1,0,2,1
true,93,5,3,21,26,1,0,0,1,3
true,94,5,0,3,23,0,0,1,0,4
false,34,1,0,0,4,1,0,0,0,0
false,65,1,1,2,14,1,0,0,0,0
true,45,3,4,8,13,0,0,0,2,6
false,62,3,0,4,10,1,0,0,1,0
true,90,2,1,3,24,0,0,0,0,7
false,63,2,0,1,14,0,0,0,1,1
false,58,2,3,5,10,1,0,0,1,0
false,55,1,4,3,8,1,0,0,0,1
true,133,3,4,11,39,0,0,0,3,9
true,102,5,3,0,23,0,0,0,0,5
true,62,1,1,18,20,0,1,1,3,6
true,62,2,1,4,14,1,0,0,1,3
true,65,1,6,26,15,0,1,1,2,3
false,105,2,4,4,21,1,0,0,1,0
false,27,1,1,3,3,1,0,0,0,1
true,144,3,2,4,52,0,0,0,0,5
false,122,2,2,7,35,1,0,0,3,1
true,109,1,1,17,32,1,0,0,3,9
false,85,2,1,9,19,1,0,0,1,1
false,27,1,3,2,3,1,0,0,0,1
true,163,5,4,12,41,0,0,0,2,5
true,68,1,5,23,15,1,0,0,1,2
false,28,3,0,0,3,1,0,0,1,2
false,96,3,0,6,21,1,0,0,1,0
true,99,5,3,9,23,1,0,0,4,2
false,21,2,0,0,2,1,0,0,0,0
false,48,1,2,0,7,1,0,0,0,1
false,55,3,2,1,8,1,0,0,1,0
false,35,1,1,0,4,1,0,0,0,0
true,105,3,4,25,28,1,1,0,3,2
false,58,2,0,11,10,0,1,0,2,0
false,44,2,0,1,7,1,0,0,0,0
false,86,3,3,9,20,1,0,0,0,1
true,83,3,7,2,19,0,0,0,3,7
false,20,3,1,2,2,1,0,0,2,0
true,116,1,2,6,33,1,0,0,2,2
false,43,1,2,1,6,1,0,0,0,0
true,103,5,7,2,22,1,0,1,2,5
true,71,1,4,2,16,0,1,0,2,2
false,36,1,2,2,6,1,0,0,0,1
true,100,1,2,9,32,0,0,0,0,7
true,138,2,1,10,45,0,0,0,2,2
false,25,3,2,0,3,1,0,0,1,1
true,97,9,2,15,23,1,0,0,1,6
true,78,1,0,0,12,1,0,0,0,3
false,88,1,0,21,22,1,0,0,3,4
true,77,4,3,5,20,0,0,0,2,4
false,84,2,4,13,14,1,0,0,2,2
false,94,3,0,2,18,1,0,0,0,0
false,64,3,0,2,8,1,0,0,1,1
true,69,1,2,8,13,1,0,0,1,8
true,76,3,0,4,15,0,0,1,0,7
false,49,1,0,2,8,1,0,0,0,0
false,43,2,0,3,4,1,0,0,0,0
false,55,1,0,3,11,1,0,0,0,0
true,121,4,3,20,24,1,0,0,0,4
false,67,1,1,5,13,1,0,0,0,1
false,18,2,1,4,3,1,0,0,0,0
true,107,2,3,30,41,0,0,1,2,3
true,90,1,0,7,29,0,0,0,0,5
false,77,2,0,1,7,1,0,0,0,0
true,112,2,0,7,34,0,0,0,3,6
true,171,4,5,7,46,1,0,0,4,4
false,60,1,1,3,12,0,0,0,0,0
false,52,1,0,8,11,1,0,0,0,1
false,71,3,4,4,15,1,0,0,0,1
true,142,6,1,10,37,1,1,0,3,7
false,65,1,0,4,14,1,0,0,0,0
false,52,1,0,2,9,1,0,0,0,1
true,120,1,5,7,42,0,1,0,0,4
false,56,1,3,2,10,0,0,0,0,0
false,37,1,0,0,5,1,0,0,0,0
false,75,2,1,10,13,0,0,0,0,0
true,110,2,2,0,30,1,0,0,0,6
true,75,1,3,16,12,1,0,0,0,6
false,94,3,4,8,23,1,0,0,2,2
true,107,2,0,5,28,1,0,0,0,7
false,115,2,2,10,19,1,0,0,1,1
false,86,4,3,16,21,1,0,0,1,0
true,146,6,6,5,50,1,0,0,2,2
false,46,2,0,0,5,1,0,0,0,0
false,54,3,1,0,6,1,0,0,1,1
true,119,3,6,2,26,1,0,0,0,3
true,91,2,2,0,21,1,0,0,1,5
true,83,3,4,13,31,0,1,0,1,5
false,47,2,0,0,9,0,0,0,0,0
false,39,3,0,5,7,1,0,0,1,0
true,120,5,5,1,39,0,0,0,1,8
true,93,2,0,6,24,1,0,0,1,3
true,78,4,7,12,26,0,0,0,2,2
true,116,7,6,9,32,0,0,0,0,5
true,64,1,0,4,20,0,0,0,0,7
false,41,1,0,3,6,1,0,0,0,1
false,22,3,1,0,4,1,0,0,2,0
false,85,2,0,1,12,1,0,0,0,0
true,127,4,8,11,40,0,0,1,2,3
true,98,2,1,10,24,0,0,0,2,5
false,40,2,1,3,5,1,0,0,1,0
false,37,1,0,1,8,1,0,0,0,1
true,126,2,2,1,32,0,0,0,1,5
false,88,3,4,12,25,1,0,0,0,1
true,92,1,0,6,26,1,0,0,0,8
true,68,1,2,0,19,1,0,0,0,4
true,79,3,6,7,20,0,0,0,4,6
true,110,7,7,5,31,1,0,1,3,5
false,78,1,1,0,13,1,0,0,0,0
false,31,3,2,3,6,1,0,0,1,0
false,66,1,2,0,8,1,0,0,0,1
true,61,1,1,2,11,0,0,0,0,6
true,116,1,2,10,39,1,0,0,0,4
true,118,3,1,12,34,1,0,0,0,7
true,80,8,0,9,27,0,0,0,0,5
false,103,1,1,5,14,0,0,0,1,0
false,105,1,3,5,29,1,0,0,1,0
false,21,1,1,6,3,1,0,0,0,1
false,108,3,1,2,31,1,0,0,2,0
true,124,1,4,0,21,0,0,1,0,7
false,53,2,1,0,10,1,0,0,0,1
true,73,1,1,1,19,0,0,0,0,6
true,87,3,5,21,24,0,0,0,1,5
true,36,2,0,9,9,0,1,0,2,2
true,46,2,1,7,7,1,0,0,2,4
false,40,2,0,1,5,0,0,0,0,0
true,65,2,3,5,10,0,0,0,1,4
true,99,3,1,6,14,1,0,0,3,3
true,99,3,8,9,22,1,0,0,6,3
false,47,2,0,4,7,1,0,0,0,0
true,73,2,1,4,14,1,0,0,1,4
false,122,3,4,1,30,1,0,0,1,1
false,46,1,2,4,9,1,0,0,0,1
false,78,3,0,1,14,0,0,0,1,0
true,121,3,3,1,26,0,0,0,2,6
false,57,1,0,1,9,1,0,0,0,1
false,34,1,0,1,3,1,0,0,0,1
false,37,2,2,3,3,1,0,0,0,0
false,108,2,2,14,21,1,0,0,1,1
false,43,1,0,0,5,1,0,0,0,0
true,137,5,2,19,32,0,0,0,1,8
false,60,2,1,4,9,0,0,0,0,0
true,35,6,0,9,10,0,1,0,4,8
false,71,3,3,1,14,1,0,0,1,1
false,54,2,0,3,6,1,0,0,0,1
false,38,1,0,3,7,1,0,0,0,0
true,96,2,3,0,15,0,0,0,1,5
true,89,3,0,1,23,1,0,0,1,5
false,49,1,0,4,5,0,0,0,1,1
false,68,2,0,0,11,1,0,0,0,0
true,82,1,2,7,27,0,0,1,0,5
false,47,3,1,0,7,1,0,0,1,0
false,84,1,2,3,10,1,0,0,0,0
false,57,3,3,0,9,1,0,0,2,0
true,119,3,4,2,41,0,0,0,2,2
false,55,2,0,1,10,1,0,0,0,0
false,57,3,0,0,8,1,0,0,0,0
false,42,2,0,0,4,1,0,0,0,0
false,57,2,1,5,5,1,0,0,0,0
false,65,1,0,1,11,1,0,0,0,1
false,36,1,1,1,4,1,0,0,0,0
false,48,1,1,1,6,1,0,0,0,0
true,84,2,1,0,17,0,0,0,0,7
true,90,6,5,19,17,0,0,0,0,4
false,74,2,0,3,15,1,0,0,0,1
false,33,2,3,4,7,1,0,0,0,0
false,32,1,0,2,3,1,0,0,0,0
false,19,1,1,0,2,0,0,0,0,0
true,119,4,4,15,38,1,0,0,2,3
false,43,1,0,4,5,1,0,0,0,3
false,15,2,0,7,2,1,0,0,1,0
true,67,1,1,7,18,0,0,1,0,7
true,69,3,2,26,22,0,1,0,0,1
true,126,3,9,10,22,0,0,0,0,6
true,145,3,4,19,28,1,1,0,4,4
true,71,1,1,11,28,0,0,0,1,1
true,127,5,7,12,41,0,1,0,1,5
false,56,2,5,0,12,1,0,0,1,0
false,28,1,0,0,4,1,0,0,0,0
false,43,1,0,1,8,1,0,0,0,0
true,57,1,0,3,11,0,0,0,0,7
true,82,1,2,7,15,0,0,0,0,8
false,43,1,2,4,7,1,0,0,0,1
false,79,3,0,3,9,1,0,0,1,1
true,108,1,6,17,28,1,0,0,6,3
false,57,1,3,2,13,0,0,0,1,1
true,132,3,6,3,32,0,0,1,0,6
true,116,3,9,2,28,1,0,0,1,2
true,71,1,3,5,22,0,0,0,2,5
false,103,1,0,5,24,1,0,0,1,1
false,48,1,2,0,4,0,0,0,0,0
false,64,1,0,0,9,1,0,0,0,1
false,55,2,2,3,13,1,0,0,2,1
true,137,2,5,12,43,0,0,0,1,9
false,62,3,1,1,7,1,0,0,0,0
false,111,2,0,13,22,1,0,0,1,0
true,124,7,3,0,34,0,0,0,2,4
true,119,4,2,10,22,0,0,0,4,6
true,51,5,4,18,13,1,0,1,0,4
true,87,7,0,18,31,0,0,0,2,7
false,85,1,2,15,23,1,0,0,2,1
true,113,1,0,4,31,0,0,0,0,8
false,71,1,1,2,9,0,0,0,0,0
true,140,3,6,12,25,0,0,0,4,6
false,105,2,2,5,17,1,0,0,1,0
true,186,4,4,6,54,0,1,1,4,8
false,24,4,0,0,4,1,0,0,2,0
false,47,2,2,4,4,1,0,0,0,0
false,77,3,0,0,14,1,1,0,0,0
true,124,3,1,3,31,1,0,0,0,7
true,124,1,4,10,44,1,1,1,2,3
true,100,2,2,6,16,1,0,0,1,5
false,47,1,1,1,4,1,0,0,0,0
false,76,1,2,5,12,0,0,0,1,1
true,80,2,0,2,21,1,0,0,0,8
false,24,1,2,3,3,0,0,0,0,1
true,95,8,1,5,34,0,0,0,0,8
true,78,3,0,9,26,0,0,0,0,4
false,106,3,0,10,19,1,0,0,2,0
true,77,7,1,4,24,0,0,1,2,9
false,70,3,1,2,7,1,0,0,1,0
true,93,3,3,10,27,1,0,0,1,6
true,96,1,6,30,33,0,1,1,0,4
false,68,2,2,5,7,0,0,0,1,0
true,77,3,7,6,17,1,0,1,4,6
false,44,2,1,6,6,1,0,0,0,0
false,26,1,1,0,4,1,0,0,0,1
false,81,3,0,0,13,1,0,0,1,1
true,65,3,1,12,13,0,0,0,0,7
true,71,3,0,12,22,1,0,0,1,7
false,55,1,0,0,10,1,0,0,0,0
false,57,2,2,1,9,1,0,0,1,0
true,85,2,1,2,19,1,0,0,0,5
true,86,3,4,1,14,1,0,0,2,2
true,118,2,0,8,33,0,0,0,1,6
true,135,5,7,16,30,0,0,0,2,6
true,89,6,8,9,22,0,0,0,1,7
false,29,1,2,2,4,1,0,0,0,1
false,33,1,0,3,5,1,0,0,0,0
false,44,1,1,0,5,1,0,0,0,0
true,126,2,4,5,44,0,0,0,2,7
true,73,2,4,33,15,0,1,0,1,2
false,30,2,0,3,4,0,0,0,0,0
false,46,1,0,4,8,1,0,0,0,1
false,93,2,0,0,22,0,0,0,0,0
false,48,1,0,0,5,1,0,0,0,0
false,46,2,2,2,7,1,0,0,0,0
true,103,3,4,14,22,0,0,0,1,5
true,104,5,6,3,24,0,0,0,0,8
true,90,6,2,4,22,0,0,0,0,5
true,67,1,1,16,14,1,0,0,1,5
false,15,2,1,2,3,1,0,0,0,0
false,66,3,1,1,7,1,0,0,1,1
false,52,2,1,0,5,1,0,0,0,0
false,44,2,2,0,6,1,0,0,0,0
true,35,2,5,3,8,1,0,0,2,2
false,38,1,1,4,4,1,0,0,0,0
false,57,2,1,0,6,0,0,0,1,0
false,37,2,0,0,6,1,0,0,0,0
true,118,2,2,8,29,0,0,0,0,7
true,122,6,0,20,45,1,0,0,0,8
true,98,4,1,14,36,0,0,0,2,5
false,55,2,2,13,15,1,0,0,2,0
false,77,4,2,15,17,1,0,0,2,2
false,22,2,0,0,4,1,0,0,1,1
false,64,1,2,2,14,0,0,0,0,0
true,99,1,3,6,29,0,0,0,0,3
true,90,1,2,15,22,0,0,0,1,5
false,26,2,1,2,4,1,0,0,1,0
false,94,1,4,3,22,1,0,0,3,0
false,26,1,0,2,3,1,0,0,0,0
false,35,2,0,3,4,1,0,0,1,1
true,94,2,0,9,24,1,0,0,0,6
true,93,3,3,10,20,0,0,0,0,5
true,139,2,6,3,42,0,1,1,0,2
false,92,3,3,5,19,1,0,0,1,1
false,84,3,0,0,10,1,0,0,1,1
true,94,1,0,7,29,0,0,1,0,8
true,163,3,1,5,43,1,0,0,2,5
false,56,1,0,4,10,0,0,0,0,0
true,139,1,1,16,44,1,0,0,0,4
true,83,2,1,13,27,0,0,0,0,10
false,48,1,1,1,10,1,0,0,0,0
true,91,7,5,12,21,0,0,0,1,4
false,38,1,2,2,7,1,0,0,0,1
true,142,2,8,8,43,0,0,1,1,6
false,40,2,1,1,7,1,0,0,0,0
false,61,3,1,1,12,0,0,0,0,1
true,116,3,5,2,24,1,0,0,1,4
false,101,2,3,6,26,1,0,0,3,2
false,40,1,1,4,6,1,0,0,0,0
false,71,1,0,2,14,1,0,0,0,0
false,50,1,0,1,5,1,0,0,0,0
false,116,1,0,10,25,1,0,0,0,0
false,109,2,1,8,24,1,0,0,1,2
true,89,6,5,10,19,1,0,0,1,5
false,125,2,1,6,25,1,0,0,0,1
false,55,4,1,2,11,1,0,0,2,0
true,132,4,7,14,31,1,0,0,0,6
true,119,4,8,12,39,0,0,1,5,5
true,77,1,1,0,23,1,0,0,0,7
true,50,2,1,5,9,0,0,0,0,8
false,54,2,0,2,5,0,0,0,1,0
true,116,4,3,8,34,0,1,1,5,6
false,44,2,1,0,6,0,0,0,0,2
true,97,3,7,5,19,1,0,1,0,9
true,84,1,1,11,20,0,0,0,0,8
false,31,1,0,2,6,1,0,0,0,0
false,42,1,2,0,7,0,0,0,0,0
false,31,4,2,0,5,1,0,0,2,2
true,143,5,0,9,45,1,0,1,3,5
false,76,2,0,9,20,1,0,0,2,0
true,83,3,3,8,20,0,0,1,0,6
false,26,3,1,0,2,1,0,0,2,0
false,69,1,1,0,13,1,0,0,0,0
true,114,3,2,4,23,0,0,1,4,3
true,99,2,5,9,19,0,0,0,0,7
true,128,4,4,12,23,0,0,1,1,3
true,105,2,1,4,21,1,0,0,1,6
true,68,5,2,1,19,0,0,0,1,9
true,77,1,2,6,17,1,0,0,0,6
true,87,2,0,5,15,1,0,0,1,5
false,50,2,0,0,8,1,0,0,0,0
true,114,2,4,11,41,0,0,0,1,4
true,99,3,3,17,31,1,1,0,0,5
true,90,5,0,11,23,0,0,0,2,1
false,49,3,1,6,5,0,0,0,0,0
false,70,2,0,0,11,1,0,0,0,0
false,36,2,2,1,4,1,0,0,0,0
false,22,1,0,0,3,1,0,0,0,1
false,23,1,0,0,5,1,0,0,0,0
true,111,1,0,19,22,1,0,0,0,7
true,98,1,2,8,19,1,0,0,2,2
false,73,2,0,2,7,1,0,0,0,0
true,92,1,2,11,17,0,0,0,0,4
false,28,3,1,1,5,1,0,0,2,0
false,21,3,1,7,3,1,1,0,1,0
true,69,5,5,3,13,1,0,0,5,6
false,85,3,4,0,17,1,0,0,1,1
true,151,6,7,11,30,1,0,0,0,4
false,74,1,2,3,20,1,0,0,2,0
true,141,2,3,9,26,0,0,0,1,6
true,59,3,2,5,14,0,0,0,0,8
false,43,4,1,1,6,1,0,0,2,0
true,63,2,0,10,17,1,0,0,0,5
false,23,1,2,3,4,1,0,0,0,0
true,52,5,6,11,18,0,0,0,3,6
true,61,3,2,11,15,0,0,0,0,6
true,88,6,0,13,27,1,0,1,0,2
true,99,1,0,7,23,1,0,0,1,5
true,78,3,0,0,19,0,0,0,0,4
true,104,5,1,12,35,0,0,0,4,5
false,58,2,0,0,10,1,0,0,0,1
false,93,1,2,1,17,1,0,0,0,0
true,109,2,7,3,27,0,1,1,2,6
true,133,2,4,14,26,1,0,0,3,3
true,83,2,2,2,13,1,0,0,2,6
true,84,4,1,3,15,0,0,0,2,5
true,129,3,3,8,45,1,1,0,0,3
true,122,4,4,7,30,0,1,0,2,3
false,87,3,0,10,24,1,0,0,0,1
false,119,1,2,5,29,1,0,0,0,0
true,100,5,1,0,32,0,0,0,1,9
true,114,1,2,0,23,0,0,0,0,5
false,27,1,0,2,5,0,0,0,0,0
true,54,2,0,10,16,1,0,0,1,8
true,158,1,5,8,53,0,0,0,6,2
true,104,1,0,0,17,0,0,0,0,6
true,115,1,3,10,30,0,0,0,0,5
true,157,2,4,9,43,1,0,0,1,4
true,123,2,7,16,41,1,0,0,1,7
true,103,4,2,24,40,1,0,1,1,3
true,180,3,4,13,53,1,0,0,4,7
true,79,1,1,5,17,1,0,0,1,3
true,98,3,4,9,18,0,0,1,1,9
false,40,1,1,3,8,1,0,0,0,1
true,108,4,7,10,34,1,0,0,4,7
true,138,6,6,3,34,0,0,0,2,3
true,111,7,7,10,39,0,0,0,4,2
true,87,1,0,6,24,1,0,0,1,4
true,103,4,1,20,27,0,0,0,0,6
true,132,1,1,6,35,0,0,0,0,7
true,78,2,2,0,12,1,0,0,1,3
false,41,2,0,1,9,0,0,0,1,1
true,59,1,3,18,15,0,0,0,3,5
true,101,3,2,5,19,1,0,0,0,5
false,48,2,0,1,5,0,0,0,0,0
false,74,3,3,5,7,0,0,0,1,0
false,51,1,0,2,5,1,0,0,0,2
false,54,1,0,0,8,0,0,0,0,0
true,94,6,3,10,29,0,0,0,0,6
true,63,5,7,10,13,1,0,0,3,5
false,101,1,1,6,16,1,0,0,2,0
false,15,1,0,0,2,1,0,0,0,3
true,139,1,5,11,38,0,0,0,2,3
false,120,3,4,11,28,1,0,0,2,0
false,25,2,0,2,4,1,0,0,1,0
true,73,3,5,1,27,1,0,0,4,4
true,130,4,1,20,35,0,0,0,3,3
false,105,2,1,8,30,1,0,0,2,0
true,141,1,5,11,53,0,0,0,3,4
true,101,1,6,0,20,0,0,1,0,8
false,73,1,3,7,15,1,0,0,2,0
true,102,2,0,3,27,0,0,0,0,5
true,60,2,0,0,18,0,0,0,0,8
true,111,3,5,15,26,0,1,0,1,4
false,28,1,3,0,6,1,0,0,0,0
true,153,5,5,7,49,0,0,0,0,4
true,97,6,4,14,30,0,0,0,4,4
false,43,2,0,0,9,0,0,0,1,0
false,77,1,2,2,14,1,0,0,0,2
true,87,4,6,8,25,0,1,0,2,3
false,80,1,0,4,9,0,0,0,0,1
true,115,4,7,2,42,0,0,0,3,6
true,142,2,3,12,28,0,1,1,2,6
false,48,2,1,5,7,1,0,0,0,0
false,42,1,2,4,5,0,0,0,0,0
true,111,8,5,4,30,1,0,0,4,4
false,59,1,0,5,6,1,0,0,0,1
false,39,3,0,3,4,0,0,0,1,2
true,107,2,1,12,27,1,0,0,0,6
false,48,2,0,0,9,1,0,0,1,0
false,25,5,1,3,3,1,0,0,3,1
false,64,1,0,0,10,0,0,0,1,0
true,106,2,1,5,27,0,0,0,0,4
false,126,2,1,13,31,1,0,0,1,0
false,55,1,0,1,7,1,0,0,0,0
true,94,1,6,5,26,0,0,0,3,5
false,95,1,1,12,17,1,0,0,2,1
true,119,5,6,11,24,1,1,0,4,5
false,116,1,2,2,17,0,0,0,2,0
false,47,2,2,1,6,1,0,0,0,0
false,41,2,1,0,4,1,0,0,1,0
false,22,2,0,0,3,1,0,0,0,0
true,102,3,9,9,36,1,0,0,0,7
false,59,2,1,0,9,1,0,0,1,0
false,38,3,0,0,4,1,0,0,1,0
true,118,1,10,1,35,0,0,0,0,5
true,50,1,2,8,13,1,0,0,0,8
true,57,1,4,2,17,1,0,0,3,7
true,113,4,4,12,38,0,1,1,0,1
true,114,1,2,0,28,1,0,0,0,6
false,26,1,0,4,3,1,0,0,0,0
false,57,2,3,4,8,1,0,0,0,3
true,102,5,6,6,34,0,0,0,4,3
true,69,1,2,3,17,0,0,0,0,8
true,86,2,11,12,30,0,0,1,0,7
false,115,3,0,13,18,1,0,0,1,0
true,107,2,1,9,35,0,0,0,0,9
true,141,3,5,14,51,0,1,0,2,5
true,129,1,4,5,28,0,0,0,1,2
true,83,1,3,6,12,1,0,0,3,3
true,99,3,3,6,18,1,0,0,0,6
true,129,1,5,21,38,1,0,0,3,9
true,73,1,2,0,22,0,0,1,1,6
false,53,3,0,0,5,1,0,0,2,1
true,105,1,3,2,37,1,0,0,0,6
true,50,2,1,4,11,1,0,0,2,3
false,98,3,2,1,27,1,0,0,2,0
true,74,2,1,5,13,1,0,0,0,8
false,142,3,3,8,30,1,0,0,1,0
true,61,2,2,6,19,1,0,0,0,8
false,70,1,1,0,10,1,0,0,0,0
false,66,1,1,2,14,0,0,0,1,0
false,52,1,0,4,12,0,0,0,1,0
true,95,2,1,29,37,0,0,1,2,5
false,122,1,1,1,25,1,0,0,2,0
true,90,4,6,10,24,0,0,0,4,2
false,40,3,0,0,5,1,0,0,1,0
false,110,2,2,10,28,1,0,0,3,0
true,160,6,4,20,41,1,0,0,6,6
false,89,3,2,2,18,1,0,0,2,1
true,118,4,6,10,23,1,0,0,3,2
true,142,4,9,14,52,1,1,0,0,4
true,54,1,1,1,13,0,0,0,1,8
false,54,1,0,5,11,1,0,0,0,0
true,99,1,1,19,33,0,0,0,4,4
true,118,2,1,0,39,0,0,0,0,8
true,107,1,2,6,30,1,0,0,1,8
false,27,1,0,3,4,1,0,0,0,0
false,29,3,0,0,5,1,0,0,2,1
false,15,1,0,2,2,1,0,0,0,0
false,80,1,2,1,14,1,0,0,0,0
true,107,5,6,6,32,1,0,0,4,5
false,61,1,0,7,13,1,0,0,0,0
false,43,2,0,0,5,1,0,0,1,0
false,20,2,3,2,3,0,0,0,0,0
false,43,1,0,0,4,1,0,0,0,1
false,87,3,3,13,14,1,0,0,1,2
false,122,1,2,0,35,1,0,0,1,1
true,136,5,10,7,35,0,0,0,3,5
true,87,1,0,4,29,0,0,0,0,7
false,70,2,1,1,12,1,0,0,0,0
false,42,4,1,0,8,1,0,0,2,0
false,51,1,1,2,11,1,0,0,0,0
true,100,2,4,2,19,1,0,1,5,6
false,35,1,1,0,7,1,0,0,0,1
false,84,1,0,3,14,1,0,0,0,2
false,35,2,0,1,6,1,0,0,0,0
false,115,2,1,5,29,1,0,0,1,0
true,86,6,3,12,27,0,0,0,3,7
true,125,3,3,8,32,1,0,1,2,5
false,21,1,2,3,3,1,0,0,0,0
true,85,2,5,12,28,0,0,0,4,5
true,50,7,2,17,9,1,0,0,2,5
false,19,1,0,5,3,1,0,0,0,0
true,84,4,5,7,25,0,0,0,3,2
true,124,3,4,6,45,0,1,0,1,7
true,116,1,7,12,32,1,0,0,0,6
true,111,2,3,9,39,0,0,0,2,4
false,59,1,0,2,11,1,0,0,0,0
false,24,1,0,1,3,1,0,0,0,0
true,35,3,1,7,7,1,0,0,0,7
false,36,1,0,0,7,1,0,0,0,0
false,32,3,0,2,3,1,0,0,2,0
true,35,3,3,9,10,1,1,0,1,5
false,38,1,1,2,8,1,1,0,0,0
false,45,2,2,2,5,0,0,0,1,0
true,134,4,6,7,49,0,0,0,1,5
true,107,1,0,5,35,1,0,0,0,10
true,113,1,1,3,25,0,0,0,1,8
false,101,1,1,0,19,1,0,0,0,0
false,64,1,3,8,13,0,0,0,1,0
true,52,4,3,0,10,0,0,0,1,5
true,95,2,0,2,31,0,0,0,0,7
false,101,3,2,3,26,1,0,0,2,0
true,90,1,3,25,18,0,1,0,2,6
true,66,2,1,9,20,0,0,0,0,4
true,69,2,2,9,21,0,0,1,0,7
false,40,1,1,2,6,1,0,0,0,0
true,148,2,4,5,51,0,1,1,3,6
true,108,1,4,7,33,0,0,0,3,7
true,133,1,2,12,27,0,0,0,1,6
true,90,3,0,25,21,0,1,1,3,6
true,69,1,6,14,20,1,0,0,0,5
true,116,3,0,0,31,1,0,0,5,9
true,50,1,1,0,12,1,0,0,0,8
true,126,3,1,10,41,0,0,0,0,7
false,87,4,1,6,18,1,0,0,3,0
true,147,4,6,0,49,1,0,0,2,5
false,58,1,1,3,6,1,0,0,0,0
false,93,1,0,5,23,1,0,0,1,1
false,61,1,1,2,7,1,0,0,0,0
true,84,1,3,4,18,1,0,0,4,4
true,111,7,9,23,25,0,0,0,2,5
true,83,1,2,0,25,0,0,0,0,7
true,44,1,1,2,7,1,0,0,2,4
false,60,2,0,2,8,1,0,0,0,0
false,31,2,2,1,3,1,0,0,1,0
true,140,5,6,5,48,0,1,1,1,1
false,32,2,1,4,3,1,0,0,0,1
false,52,2,0,0,10,0,0,0,0,0
true,117,2,6,10,35,1,0,0,4,6
false,18,2,0,1,3,1,0,1,1,0
false,40,1,1,3,8,1,0,0,0,0
true,45,5,5,8,12,1,0,0,0,4
false,24,2,2,3,3,0,0,0,1,0
true,92,1,3,22,22,0,0,0,1,3
false,67,2,0,3,9,0,0,0,2,0
true,87,1,1,6,22,1,0,0,0,2
false,74,2,1,0,8,1,0,0,0,0
true,99,3,1,2,18,0,0,0,1,6
true,122,4,6,15,35,1,0,0,4,7
true,97,7,6,9,31,0,0,0,2,3
false,75,1,3,11,15,1,0,0,3,0
true,70,6,3,7,13,1,0,0,4,6
true,131,1,0,13,26,1,0,0,0,5
false,40,1,0,3,4,1,0,0,0,0
false,46,2,0,5,6,1,0,0,1,0
true,106,2,0,19,35,0,0,0,0,7
true,82,4,8,5,30,0,0,0,0,2
false,66,1,4,0,7,1,0,0,0,0
true,108,5,4,4,20,0,0,0,1,3
true,83,1,3,7,18,1,0,1,0,6
true,109,5,10,1,29,0,0,0,2,5
true,55,1,2,7,19,0,0,1,0,3
true,132,7,8,12,25,0,1,0,4,8
false,57,2,2,3,7,1,0,0,0,0
false,97,2,1,6,28,1,0,0,1,2
false,28,3,2,0,5,1,0,0,0,0
false,58,2,1,1,7,1,0,0,0,0
false,26,2,1,0,4,1,0,0,0,0
false,35,1,1,2,4,1,0,0,0,0
false,41,2,1,2,7,1,0,0,0,1
false,87,3,1,8,16,0,0,0,0,1
false,29,1,0,3,5,1,0,0,0,0
false,58,2,1,3,6,1,0,0,0,2
true,143,2,4,3,34,1,0,0,0,7
true,102,4,7,4,21,0,0,1,4,5
false,56,2,2,2,6,1,0,0,1,0
true,48,2,3,0,7,1,0,0,1,2
false,38,1,0,0,4,1,0,0,0,0
true,103,2,1,3,24,0,0,1,0,8
true,142,4,7,5,53,0,0,0,3,4
true,69,1,2,0,14,0,0,0,0,9
true,113,4,5,6,22,0,0,1,3,5
true,118,3,6,9,35,0,1,0,2,5
false,15,2,0,4,2,1,0,0,1,0
false,41,1,1,2,7,1,0,0,0,1
false,50,1,0,2,8,1,0,0,0,3
true,63,3,1,3,11,1,0,0,0,7
false,50,1,0,0,8,0,0,0,1,1
false,48,2,1,0,7,0,0,0,2,1
false,23,1,4,0,4,1,0,0,0,1
false,79,1,0,3,16,1,0,1,0,0
true,69,2,2,5,12,1,0,0,2,5
true,103,2,0,1,22,1,0,0,1,7
true,103,2,4,10,28,0,0,0,4,6
false,118,1,3,15,35,1,0,0,1,1
false,15,1,0,0,2,1,0,0,0,0
true,59,6,1,6,19,0,1,0,4,6
true,36,1,2,3,8,1,0,0,3,4
false,86,1,1,2,20,1,0,0,2,0
false,23,3,0,2,2,1,0,0,2,2
false,65,1,1,0,7,1,0,0,0,3
false,64,1,0,2,13,1,0,0,0,0
true,85,1,1,0,16,0,0,0,0,9
false,72,4,1,0,10,0,0,0,2,0
false,74,2,2,3,10,1,0,0,0,0
false,30,1,1,0,6,1,0,0,0,0
true,86,2,0,14,21,0,0,0,1,9
false,95,3,3,7,26,1,0,0,2,3
false,59,1,1,2,7,1,0,0,0,0
true,140,2,5,6,46,0,0,1,0,3
true,127,1,2,9,20,0,0,0,0,5
true,120,1,0,8,23,1,0,0,1,8
true,121,5,6,7,25,1,0,0,0,4
true,104,1,0,12,33,1,0,0,0,9
false,44,2,1,3,8,1,0,0,1,0
false,98,2,1,0,23,1,0,0,1,2
true,96,4,0,10,18,0,0,0,3,6
false,115,3,1,4,21,1,0,0,2,0
true,112,2,3,4,18,0,0,0,0,6
false,46,2,0,4,5,1,0,0,0,0
false,17,1,0,1,2,1,0,0,0,0
true,101,2,0,5,33,0,0,0,0,9
true,91,4,5,0,28,1,0,0,3,3
false,25,3,0,1,2,1,0,0,0,1
true,91,1,1,6,30,0,0,0,0,8
true,150,2,3,16,27,1,0,0,2,6
false,62,1,2,0,11,1,0,0,0,1
true,83,2,3,17,17,0,0,0,0,7
false,37,1,0,0,4,1,0,0,0,0
true,77,4,3,10,16,0,0,1,2,6
false,18,4,1,6,3,1,0,0,1,1
false,40,3,0,0,7,1,0,0,1,0
true,91,3,5,21,17,0,0,1,0,7
false,15,2,2,0,2,1,0,0,0,0
true,87,3,4,11,15,0,0,0,2,2
false,58,2,1,3,9,1,0,0,0,0
true,69,3,0,8,16,0,0,0,1,5
false,44,3,0,0,4,1,0,0,1,0
false,22,1,2,2,2,1,0,0,0,0
true,97,4,4,15,19,0,1,0,1,5
false,98,3,3,15,19,1,0,0,3,0
false,21,2,1,2,3,1,0,0,0,0
true,66,2,0,10,20,0,0,0,1,5
false,40,2,0,1,7,1,0,0,0,1
true,100,4,0,5,37,0,0,1,0,5
true,94,3,4,10,22,1,0,0,2,3
true,81,1,1,11,16,0,0,1,5,5
false,53,1,3,4,9,0,0,0,0,0
true,56,1,3,0,12,1,0,0,1,3
true,129,2,0,3,38,0,0,0,0,6
true,78,2,2,3,18,0,0,0,1,6
false,73,2,0,0,10,0,0,0,1,0
true,83,2,0,9,14,1,0,0,0,7
false,33,3,0,0,4,1,0,0,0,0
true,50,1,0,1,11,0,0,0,0,6
false,39,2,2,3,6,1,0,0,0,2
false,73,3,1,4,16,1,0,0,2,0
true,104,2,4,17,26,0,0,0,1,4
true,125,4,9,10,23,1,0,0,3,5
false,92,3,2,3,21,1,0,0,1,0
true,50,3,3,7,9,0,0,0,0,4
false,43,2,0,0,5,1,0,0,0,0
false,53,2,1,2,7,1,0,0,0,0
true,71,3,1,14,14,1,0,0,3,4
false,28,2,1,3,4,0,0,0,1,1
false,78,2,0,1,9,1,0,0,0,2
true,62,7,7,3,23,0,1,0,1,1
true,64,1,2,23,14,0,1,1,1,2
true,101,1,0,11,19,0,0,1,0,4
false,57,1,0,2,8,1,0,0,0,1
false,101,2,0,2,19,1,0,0,0,0
false,63,3,0,0,11,1,0,0,0,1
true,123,4,6,11,32,1,0,0,3,4
true,93,5,4,8,19,1,0,0,6,4
true,70,2,1,11,16,0,1,0,1,6
true,86,2,5,5,21,0,0,0,0,4
true,93,1,0,6,28,1,0,0,0,7
true,69,2,2,5,13,1,0,0,2,3
true,86,1,2,10,19,1,0,0,0,4
true,107,2,0,6,22,1,0,1,0,4
true,131,1,0,9,40,1,0,0,0,9
false,34,2,2,1,3,0,0,0,1,1
true,92,3,0,3,22,0,0,0,0,5
false,53,1,2,0,10,1,0,0,0,3
true,123,4,7,16,28,0,0,0,4,2
false,45,1,2,1,9,1,0,0,0,0
true,132,4,2,0,26,0,0,0,4,6
false,72,3,0,0,13,1,0,0,0,1
false,96,3,2,6,20,1,0,0,1,0
true,136,3,4,3,43,1,0,1,2,5
true,71,2,5,3,16,1,0,0,5,3
false,57,3,1,3,11,1,0,0,1,1
false,64,2,0,2,9,1,0,0,1,1
false,115,1,4,7,32,0,0,0,1,1
true,107,1,3,7,21,0,0,0,2,11
false,35,2,0,0,4,1,0,0,0,0
true,66,2,1,8,12,1,0,0,1,4
false,61,3,2,1,11,1,0,0,0,1
false,35,3,2,1,5,1,0,0,0,0
false,29,1,1,0,3,1,0,0,0,1
false,38,2,2,2,5,1,0,0,0,0
false,66,2,0,2,10,1,0,0,0,1
false,43,1,1,3,8,1,0,0,0,1
false,45,2,1,4,5,1,0,0,0,0
false,114,2,1,0,22,0,0,0,0,2
false,56,3,0,0,11,0,0,0,0,1
false,53,1,1,0,11,1,0,0,0,0
false,82,2,3,12,21,1,0,0,2,1
true,51,1,0,15,16,1,0,0,1,5
true,77,2,6,19,17,1,1,1,0,8
true,76,3,2,7,14,0,0,0,0,6
true,65,1,0,6,18,0,0,0,0,7
false,146,2,1,18,37,1,0,0,0,0
false,106,1,0,0,17,0,0,0,0,0
false,29,2,0,2,3,0,0,0,0,0
true,76,7,4,11,28,0,0,0,3,7
false,23,2,3,3,3,1,0,0,0,0
true,146,2,6,14,38,0,0,0,0,5
true,122,5,2,25,43,1,0,0,0,2
true,64,2,1,0,15,1,0,0,0,9
true,88,4,3,13,21,0,0,1,2,9
true,76,1,4,15,23,0,0,0,2,9
true,115,6,2,19,39,0,0,0,0,5
false,34,1,0,3,5,1,0,0,0,0
false,35,1,0,3,4,1,0,0,0,0
false,71,2,0,0,9,0,0,0,0,1
true,139,4,5,2,35,0,0,0,5,5
true,45,1,5,3,13,0,0,0,2,5
false,90,2,2,8,18,1,0,0,0,0
false,48,1,0,3,8,1,0,0,0,0
false,51,2,0,3,8,1,0,0,0,1
true,64,5,5,17,13,0,0,0,2,3
true,105,3,4,9,19,0,0,0,0,2
true,168,4,0,13,39,1,0,1,3,3
false,71,1,2,6,11,1,0,0,0,0
true,106,1,1,1,23,1,0,0,0,7
true,109,3,0,0,17,0,0,0,0,4
true,116,8,6,13,43,0,0,0,0,6
false,66,2,0,0,10,1,0,0,0,1
true,90,5,4,17,20,1,0,0,4,5
false,63,1,0,0,11,1,0,0,0,0
false,41,2,0,0,8,0,0,0,0,0
true,118,6,6,10,32,1,0,0,3,2
true,94,2,3,0,31,0,0,0,0,5
true,86,4,0,14,22,0,1,1,0,4
true,57,2,0,6,17,0,0,0,1,8
false,104,3,3,15,18,0,0,0,1,1
false,41,2,3,1,8,1,0,0,0,0
false,48,1,1,2,7,1,0,0,0,0
true,72,1,0,7,22,0,0,0,1,7
true,127,3,3,12,42,0,0,0,3,6
true,52,1,2,15,20,0,1,1,1,6
false,37,2,1,3,4,1,0,0,0,0
true,93,2,3,8,28,0,0,0,0,8
true,79,4,3,9,27,1,0,0,0,7
false,57,1,0,0,8,1,0,1,0,0
false,26,1,0,1,3,1,0,0,0,0
true,121,2,2,8,26,1,0,0,3,4
false,58,4,1,4,11,1,0,0,2,1
true,110,7,0,10,41,0,0,1,0,5
true,95,2,0,0,16,1,0,0,0,8
true,78,4,5,10,22,1,1,1,2,5
true,57,5,5,8,13,1,0,0,2,5
false,69,2,0,8,14,0,0,0,1,0
false,46,2,2,0,9,1,0,0,0,1
true,116,2,1,4,21,1,0,0,0,5
false,66,2,4,3,13,1,0,0,3,0
true,51,5,7,2,13,0,0,0,2,8
false,56,1,3,0,9,1,0,0,0,0
false,67,2,0,0,9,1,0,0,0,0
false,78,1,1,1,13,1,0,0,0,0
true,51,1,2,10,7,1,0,0,2,2
false,51,2,1,3,9,1,0,0,0,2
true,118,7,2,0,36,1,0,0,1,6
true,123,3,3,17,48,0,0,1,0,5
false,75,2,2,0,13,1,0,0,0,0
false,88,2,2,2,16,0,0,0,1,0
true,120,2,4,13,47,1,1,0,0,4
false,29,2,0,2,4,1,0,0,1,0
false,29,1,2,2,4,1,0,0,0,0
false,70,2,0,3,8,1,0,0,1,2
true,131,4,3,17,44,0,0,0,2,8
true,111,8,5,17,38,0,1,0,0,8
true,75,3,1,8,11,1,0,0,1,5
false,37,1,1,1,5,1,0,0,0,0
false,79,3,2,3,18,1,0,0,1,1
false,63,4,0,0,6,0,0,0,0,0
false,24,1,2,0,4,1,0,0,0,0
false,40,1,2,5,4,0,0,0,0,2
true,80,5,4,19,26,1,1,0,0,4
false,49,2,0,1,8,1,0,0,0,0
true,79,3,4,0,14,1,0,0,2,2
true,123,4,8,5,34,1,0,0,1,6
false,48,1,0,2,10,1,0,0,0,1
true,88,5,8,16,26,0,1,0,5,2
true,93,3,5,15,26,0,0,0,0,8
false,67,1,1,0,12,1,0,0,0,1
true,108,2,0,11,35,0,0,0,1,9
false,43,3,0,0,6,1,0,0,1,1
false,89,1,3,7,14,1,0,0,2,0
true,148,5,6,15,55,0,0,0,0,4
false,32,1,0,3,5,1,0,0,0,0
true,83,1,0,0,15,0,0,0,0,6
true,112,5,1,3,41,0,0,1,1,4
true,71,3,0,0,13,0,0,0,0,6
true,45,1,1,7,16,0,0,0,0,5
false,63,2,0,3,6,1,0,0,1,0
false,23,2,2,0,3,1,0,0,1,0
true,136,3,3,25,37,0,0,0,2,7
true,81,5,3,21,18,1,1,0,3,1
false,52,1,0,5,9,0,0,0,0,0
true,83,8,5,3,27,1,0,0,4,3
true,98,3,2,9,22,0,0,0,0,5
true,76,1,2,7,17,1,0,0,2,5
false,56,2,1,4,8,1,0,0,0,0
false,69,2,1,7,18,1,0,0,3,1
true,50,2,0,6,15,1,0,0,1,6
false,15,3,2,1,2,1,0,0,1,0
false,44,2,2,6,4,1,0,0,1,0
true,60,5,4,8,17,1,0,0,0,6
false,55,2,0,0,7,1,0,0,0,0
true,109,2,0,16,43,0,1,0,1,3
false,38,1,1,0,3,1,0,0,0,0
false,64,1,0,4,7,1,0,0,0,0
true,104,6,1,10,38,0,0,1,1,4
true,64,3,1,12,18,0,0,1,2,7
false,67,2,0,0,11,1,0,0,1,2
false,65,3,4,0,10,1,0,0,3,1
false,86,3,3,5,21,1,0,0,3,2
true,115,3,5,3,38,0,0,0,6,5
false,107,1,2,5,17,1,0,0,2,1
true,83,1,0,7,18,1,0,0,0,5
true,115,3,4,15,25,0,0,0,2,2
false,57,1,0,2,6,0,0,0,0,0
false,63,1,0,3,13,1,0,0,0,0
false,67,1,1,1,8,0,0,0,1,1
false,61,1,0,3,8,1,0,0,0,1
false,70,1,2,0,10,0,0,0,2,2
true,83,1,0,4,24,0,0,0,0,8
false,33,1,0,0,3,1,0,0,0,0
true,59,2,5,23,12,0,0,0,2,5
false,73,1,0,4,7,1,0,0,0,0
true,128,4,5,9,34,0,0,0,1,3
true,137,6,6,2,50,0,0,0,3,6
false,96,3,3,12,19,1,0,0,1,1
true,118,3,5,9,29,0,1,0,3,4
true,50,2,4,0,11,1,0,0,0,6
false,99,4,0,8,26,1,0,0,1,1
true,108,1,1,0,21,1,0,1,1,8
true,93,3,2,9,16,1,0,0,1,6
false,86,3,2,2,22,1,0,0,1,2
false,75,2,3,0,12,1,0,0,0,2
false,39,1,0,0,6,1,0,0,0,1
true,90,3,2,12,24,1,0,0,2,7
false,67,2,2,0,12,0,0,0,2,0
true,147,5,8,0,42,0,0,0,2,4
true,81,3,3,30,22,0,1,0,2,1
false,97,3,1,10,27,1,0,0,1,3
false,65,3,2,3,17,1,0,0,3,0
false,57,1,0,0,10,1,0,0,0,0
true,112,1,1,3,35,0,0,0,0,9
false,15,1,0,1,2,1,0,0,0,1
true,73,5,6,15,19,1,0,0,2,3
true,103,4,2,2,38,0,0,1,1,8
false,33,1,3,0,5,0,0,0,0,0
false,53,3,0,7,10,1,0,0,1,0
true,132,1,4,2,48,0,0,1,0,6
false,76,2,2,2,14,1,0,0,2,0
false,15,1,0,8,2,1,0,0,0,0
false,90,3,2,5,24,1,0,0,1,0
false,63,1,0,6,10,1,0,0,0,1
true,117,6,7,16,37,1,0,0,4,6
false,35,3,1,3,6,0,0,0,2,1
true,112,2,1,0,25,0,1,0,3,8
false,34,1,3,0,6,1,0,0,0,0
false,17,2,0,0,3,0,0,0,1,0
true,118,3,2,8,22,1,0,0,3,3
false,37,1,2,3,4,1,0,0,0,1
false,113,3,4,11,21,0,0,0,2,0
false,32,1,2,0,6,1,0,0,0,1
false,41,1,2,0,6,1,0,0,0,0
true,115,6,7,10,34,0,0,0,3,3
false,109,3,2,7,30,1,0,0,1,0
true,101,2,0,0,27,1,0,0,1,6
true,147,3,7,0,35,1,0,0,4,7
false,82,2,0,5,24,1,0,0,2,2
false,15,3,2,4,2,1,0,0,1,0
false,32,1,1,0,6,1,0,0,0,0
true,69,6,6,7,14,0,0,0,3,5
true,118,2,2,4,19,1,0,0,0,5
false,90,2,1,12,16,1,0,0,0,0
false,73,3,4,8,21,0,0,0,3,2
false,70,4,0,2,12,1,0,0,3,1
true,71,1,1,7,11,1,0,0,1,10
true,132,9,6,7,39,0,0,0,3,4
true,48,3,0,0,8,1,0,0,0,5
false,58,3,2,2,9,0,0,0,1,0
true,91,1,3,3,25,0,1,1,2,2
false,56,1,0,0,10,1,0,0,0,0
true,76,1,0,0,23,1,0,0,0,4
false,75,1,0,0,14,1,0,0,0,0
false,35,1,1,4,7,1,0,0,0,1
false,49,3,1,1,6,1,0,0,0,0
false,29,2,1,0,4,1,0,0,0,0
true,56,1,0,1,17,0,0,0,0,7
false,38,1,0,2,6,1,0,0,0,0
false,78,2,0,3,10,1,0,0,0,0
true,61,1,0,1,15,1,0,0,1,4
true,61,1,3,7,14,0,0,0,0,6
false,25,4,1,3,4,1,0,0,1,0
true,132,1,1,2,22,0,0,0,0,7
true,140,2,1,15,29,1,0,0,0,7
true,75,2,1,7,16,1,0,0,2,5
true,81,3,3,11,15,1,0,0,0,2
false,22,1,2,4,2,1,0,0,0,0
true,132,5,3,14,37,0,0,0,2,2
false,44,2,0,2,7,1,0,0,0,1
false,95,2,1,7,22,1,0,0,0,3
false,55,1,0,6,10,1,0,0,0,0
true,96,1,5,0,28,0,0,0,0,5
false,91,2,3,6,14,1,0,0,3,0
true,58,6,4,5,14,1,1,1,1,1
true,147,3,2,0,49,0,0,0,2,6
false,24,2,3,1,4,1,0,0,1,1
true,91,2,0,0,21,1,0,0,0,8
true,102,1,2,12,19,0,0,0,0,7
true,63,6,5,0,11,0,0,0,3,5
false,43,1,0,0,4,1,0,0,0,0
true,141,3,0,4,27,1,0,0,1,6
false,64,1,1,0,7,1,0,0,0,0
false,76,1,0,4,16,1,0,0,0,0
true,119,4,1,9,43,0,0,1,3,5
true,100,3,5,17,27,0,0,0,2,6
false,55,1,0,2,10,1,0,0,0,0
true,59,1,1,1,17,1,0,0,1,5
false,27,1,0,4,3,1,0,0,0,0
false,50,1,2,0,7,1,0,0,0,1
false,36,2,1,0,6,1,0,0,1,0
false,97,1,1,8,23,1,0,0,3,0
true,145,1,1,23,34,0,0,1,0,3
false,33,3,0,4,6,1,0,0,1,0
true,158,1,1,11,27,1,0,0,1,6
false,47,1,2,0,10,1,0,0,0,0
true,123,1,0,8,31,0,0,0,0,6
false,27,2,1,1,5,1,0,0,0,0
false,80,2,1,3,17,0,0,0,0,1
false,64,2,0,0,9,1,0,0,0,1
true,121,4,5,4,32,1,0,0,4,5
true,117,3,4,5,21,0,0,1,2,7
true,113,3,2,5,21,0,0,0,0,6
true,132,1,6,12,34,0,0,0,2,4
true,75,4,4,11,20,0,0,0,1,5
false,76,2,0,1,16,1,0,0,0,0
false,60,2,2,15,11,1,0,0,1,1
false,25,2,0,4,2,1,0,0,0,0
false,39,3,0,0,5,1,0,0,1,0
true,118,6,0,16,42,1,0,1,0,2
false,124,2,3,0,31,1,0,0,0,1
true,106,1,2,0,20,0,0,0,0,6
true,88,6,1,13,22,0,0,0,0,4
false,56,1,0,0,6,1,0,0,0,0
false,43,2,0,0,6,1,1,0,0,0
false,101,1,4,21,21,1,0,0,2,0
true,121,3,2,6,22,0,0,0,0,9
true,129,4,5,8,25,0,0,0,4,2
false,26,1,1,4,3,0,0,0,0,0
true,50,1,0,7,9,0,0,0,0,4
false,88,3,0,0,11,1,0,0,2,1
false,71,1,0,0,7,1,0,0,0,0
true,114,4,5,15,38,0,0,1,1,10
true,100,9,6,7,34,1,0,0,3,5
true,121,3,0,25,36,1,0,0,2,6
true,93,4,4,15,20,1,0,0,3,3
true,79,5,5,24,27,0,0,1,3,5
false,21,2,0,3,3,1,0,0,0,0
false,58,2,0,0,6,1,0,0,0,0
true,45,4,6,0,16,0,0,0,1,2
false,52,2,1,1,7,1,0,0,0,0
false,62,2,0,2,7,1,0,0,0,1
false,54,1,1,2,8,1,0,0,0,0
true,98,1,2,7,26,1,0,0,2,2
true,57,3,6,11,11,1,0,1,2,5
true,129,1,0,6,31,0,0,0,0,7
false,52,2,0,4,7,1,0,0,0,1
true,114,1,4,0,36,1,0,0,4,4
true,118,1,0,9,28,0,0,1,1,5
false,51,1,1,4,8,1,0,0,0,0
true,147,3,6,7,42,1,0,0,0,5
false,101,2,2,10,24,1,0,0,3,0
true,60,3,2,1,11,0,0,0,0,6
true,71,1,1,4,17,1,0,0,1,5
true,111,1,5,8,26,0,1,0,5,8
true,120,1,0,2,33,0,0,0,0,7
true,111,2,3,7,43,0,0,0,0,5
true,86,1,0,13,27,1,0,0,1,8
true,126,1,1,10,20,0,0,0,0,7
true,150,3,0,11,40,1,0,0,4,2
true,103,1,1,4,34,0,0,1,1,7
false,67,2,1,0,11,1,0,0,0,2
false,61,1,2,0,7,1,0,0,0,1
true,139,2,1,12,23,1,0,0,0,6
false,99,3,2,8,16,1,0,0,1,2
true,54,4,3,15,13,1,0,0,0,2
false,37,1,0,0,5,0,0,0,0,0
true,79,2,3,7,26,0,0,0,0,7
true,99,4,0,5,27,0,0,1,6,4
false,53,2,0,2,7,1,0,0,0,0
false,43,1,2,0,7,1,0,0,0,0
false,60,3,2,2,10,1,0,0,2,0
false,42,2,0,5,8,1,0,0,0,1
false,40,2,0,2,8,1,0,0,0,1
true,119,2,1,15,21,0,0,0,1,5
true,119,2,1,5,23,0,0,0,1,8
true,60,3,0,1,10,1,0,0,2,2
true,100,2,2,7,23,1,0,0,0,6
false,35,2,0,2,7,1,0,0,0,0
false,61,2,0,2,13,0,0,0,1,0
true,87,2,5,11,20,1,1,1,0,1
false,58,1,0,0,8,0,0,0,1,1
true,136,4,3,3,45,0,0,1,2,6
true,108,2,4,19,22,0,1,1,5,6
false,27,1,2,0,3,1,0,0,0,0
true,96,2,1,13,30,0,0,0,1,8
true,98,2,0,8,18,1,0,0,1,4
false,26,2,1,0,4,1,0,0,1,0
false,42,2,2,3,5,1,0,0,0,1
false,39,1,2,3,5,1,0,0,0,0
true,80,2,3,6,15,1,0,0,1,4
true,99,4,5,18,35,0,0,0,1,4
true,106,4,4,12,22,0,0,0,1,7
true,83,4,0,11,26,0,1,1,1,5
true,98,6,2,7,31,1,0,0,3,4
true,121,3,5,18,24,0,0,0,1,3
false,50,2,0,5,5,0,0,0,0,1
true,136,5,4,7,41,0,0,1,2,4
true,115,2,3,8,19,1,0,0,0,7
false,51,1,0,3,9,0,0,0,1,1
false,56,1,1,0,7,1,0,0,0,0
true,70,5,4,22,16,1,1,1,4,5
false,51,3,1,0,8,1,0,0,1,0
false,31,2,0,2,5,1,0,0,0,0
true,57,2,1,5,17,1,0,0,0,7
false,49,2,0,4,9,1,0,0,1,1
true,103,1,1,9,27,0,0,0,0,7
true,62,4,6,11,21,1,0,0,1,2
true,96,4,1,15,20,1,0,0,6,1
true,112,7,5,10,20,0,1,1,0,4
true,145,1,0,9,24,1,0,0,0,7
false,105,3,0,4,27,1,0,0,0,0
true,112,2,1,0,32,0,0,0,0,8
true,47,3,0,8,14,0,0,0,2,6
true,73,2,3,2,13,1,0,0,3,2
false,41,1,0,2,6,1,0,0,0,0
true,135,2,4,6,42,0,0,1,1,9
true,112,3,0,9,22,0,0,0,0,7
true,87,2,4,9,25,1,0,0,5,6
true,76,4,2,3,19,0,0,0,2,1
true,117,1,1,6,33,0,0,0,0,7
false,107,3,0,0,22,0,0,0,1,0
true,105,2,3,14,18,0,0,0,3,4
false,64,1,3,6,10,0,1,0,1,0
true,107,2,4,2,29,0,0,0,0,4
true,102,3,1,9,22,1,0,0,0,6
true,129,2,2,10,39,0,0,0,3,5
true,94,1,2,4,28,1,0,0,1,8
true,98,1,2,7,24,1,0,0,1,4
true,100,1,2,14,23,0,0,0,0,6
true,112,5,1,0,23,0,0,0,1,6
true,95,6,6,12,28,0,0,1,3,4
true,94,1,0,9,19,1,0,0,1,7
false,59,3,0,2,12,1,0,0,0,0
false,75,2,2,7,14,1,0,0,0,0
true,66,3,3,9,15,0,0,0,0,4
true,71,5,4,1,17,1,1,0,2,5
true,105,1,0,12,24,1,0,0,0,8
true,71,2,0,3,15,0,0,0,1,1
false,71,1,2,4,7,1,0,0,0,2
true,86,3,2,16,31,0,0,1,0,3
true,95,1,2,0,23,0,0,1,3,3
false,96,3,2,9,20,1,0,0,2,0
true,140,6,4,15,39,1,0,0,2,4
true,107,2,4,2,30,0,0,0,1,5
false,19,1,2,4,2,0,0,0,0,0
true,120,3,3,12,45,0,1,0,3,5
false,21,3,0,1,2,1,0,0,1,0
false,44,2,2,5,5,1,0,0,0,0
false,33,3,0,1,4,1,0,0,1,0
true,106,4,4,6,36,0,0,0,3,6
true,99,6,1,9,20,0,0,0,3,3
false,38,3,0,1,4,1,0,0,2,0
true,100,4,4,4,29,0,0,1,2,7
false,33,2,1,4,4,1,0,0,0,0
true,89,3,5,9,29,1,0,0,1,2
false,77,1,1,3,11,1,0,0,0,0
true,59,1,2,0,13,1,0,0,1,7
false,54,3,0,0,10,1,0,0,2,0
true,104,2,2,19,17,0,0,0,0,9
true,89,1,1,5,18,1,0,0,3,5
true,133,2,8,12,35,1,0,0,2,7
false,40,1,2,5,5,1,0,0,0,0
true,60,5,3,21,22,0,1,0,1,3
true,106,2,0,3,25,1,0,0,0,4
true,45,4,4,15,10,0,0,1,0,3
false,39,1,1,0,4,1,0,0,0,0
true,104,1,6,4,35,0,0,0,0,5
true,103,6,1,3,19,0,0,1,0,6
true,108,2,2,6,24,1,0,0,0,5
true,105,4,5,9,30,0,0,1,0,7
false,53,2,0,3,7,1,0,0,0,0
false,36,1,1,0,5,1,1,0,0,0
false,50,1,0,3,9,1,0,0,0,0
false,99,1,2,11,23,1,0,0,2,0
true,106,3,6,6,25,1,0,0,0,8
false,77,3,2,3,17,1,0,0,1,0
false,86,1,0,0,12,1,0,0,0,0
true,83,3,6,10,19,1,0,0,0,5
true,118,3,4,17,26,1,0,0,2,2
true,62,5,0,4,15,0,0,0,2,8
false,58,2,2,0,11,1,0,0,0,2
false,96,2,0,1,25,1,0,0,3,0
false,62,2,0,3,8,1,0,0,0,1
false,26,2,0,0,3,1,0,0,0,2
false,53,2,1,0,8,1,0,0,0,1
false,48,1,1,2,8,1,0,0,0,0
true,90,7,3,11,27,0,0,0,2,4
false,89,1,1,7,22,1,0,0,2,1
true,110,5,1,20,20,0,1,0,2,7
false,22,2,0,2,3,1,0,0,0,0
false,89,1,3,8,24,1,0,0,1,0
true,96,1,2,1,15,0,0,0,0,4
false,53,2,1,4,9,0,0,0,1,1
false,78,3,3,0,16,0,0,0,1,1
true,79,3,1,7,25,0,0,0,0,8
false,15,3,3,0,2,1,0,0,1,0
true,138,4,4,16,47,0,0,0,0,5
false,72,2,3,6,21,1,0,0,0,1
false,46,1,0,2,9,0,0,0,0,0
true,94,1,3,5,19,1,0,0,2,4
false,45,2,1,0,6,1,0,0,0,0
false,49,3,0,2,6,0,0,0,1,0
true,65,5,3,3,12,0,0,1,3,4
false,88,1,2,1,14,1,0,0,2,1
true,101,1,1,0,27,0,0,0,0,4
false,48,1,1,0,8,1,0,0,0,0
true,88,6,4,18,23,0,0,0,3,5
true,101,2,3,16,22,1,0,0,0,6
true,109,3,3,19,21,1,1,1,0,2
false,63,2,1,0,12,1,0,0,0,0
true,81,3,0,11,28,1,0,0,0,5
true,128,1,0,2,33,1,0,0,0,7
true,133,2,0,5,31,0,0,0,0,9
false,22,1,2,1,3,0,0,0,0,0
false,50,1,0,0,9,1,0,0,0,1
true,104,4,7,15,29,0,1,1,2,1
false,22,1,0,4,4,1,0,0,0,1
false,65,1,1,0,9,1,0,1,0,1
true,119,6,4,14,37,0,1,0,0,3
false,33,1,2,3,7,1,0,0,0,1
false,96,2,2,7,23,0,0,0,1,2
false,44,2,0,0,6,1,0,0,1,0
true,97,3,0,15,21,0,0,0,0,3
false,76,2,1,0,17,0,0,0,1,0
false,86,3,4,0,17,1,0,0,2,0
false,20,1,1,3,2,1,0,0,0,0
false,38,3,1,0,8,1,0,0,0,0
false,34,2,1,0,3,1,0,0,0,1
true,109,3,2,3,21,0,0,0,0,2
false,40,1,0,1,7,1,0,0,0,1
false,65,1,0,3,9,1,0,0,0,0
false,127,1,4,6,29,1,0,0,0,1
true,173,8,0,9,61,0,0,0,1,7
false,36,1,0,2,7,1,0,0,0,0
false,56,3,0,3,9,1,0,0,0,2
false,45,1,0,5,9,1,0,0,0,0
false,103,2,0,5,22,0,0,0,1,1
true,154,3,2,13,38,0,0,0,2,6
true,69,1,2,0,10,1,0,0,2,2
false,39,1,1,5,4,1,0,0,0,0
true,97,2,0,9,18,0,0,0,0,6
false,99,4,0,5,17,1,0,0,1,1
true,80,2,2,20,20,0,0,0,2,7
true,123,4,9,1,31,0,0,0,1,6
true,74,1,0,3,14,0,0,0,0,5
false,26,2,0,0,5,1,0,0,0,0
true,130,3,2,15,40,0,0,0,0,8
true,76,1,2,9,23,1,0,0,3,7
false,49,1,3,0,7,0,0,0,2,0
true,84,1,6,0,26,0,0,0,4,5
false,35,1,2,2,6,1,0,0,0,0
false,111,2,3,5,26,1,0,0,2,1
false,42,2,0,2,4,0,0,0,0,0
true,68,4,5,28,13,0,1,1,1,6
true,130,2,6,15,24,0,1,0,4,6
true,107,6,11,5,38,0,0,0,2,3
true,74,3,0,9,15,1,0,0,1,5
false,30,1,0,2,5,1,0,0,0,0
false,39,1,0,1,4,1,0,0,0,1
true,121,6,0,18,42,1,0,0,0,6
false,59,1,1,2,8,1,0,0,0,0
true,86,3,3,3,23,1,0,1,2,2
false,31,1,1,4,4,1,0,0,0,0
false,101,4,1,4,28,1,0,0,3,2
false,44,2,1,1,6,1,0,0,0,0
true,85,10,3,8,19,0,0,0,0,2
true,118,3,3,15,42,0,1,1,0,3
false,69,2,1,0,8,1,0,0,1,0
false,28,3,1,0,2,1,0,0,2,1
false,32,1,0,3,3,1,0,0,0,1
true,79,2,2,16,27,0,1,0,0,3
true,110,3,2,6,26,1,0,0,2,6
true,45,2,4,8,13,0,0,0,2,2
false,34,1,0,5,5,1,0,0,0,0
true,157,3,4,3,45,0,1,0,3,1
false,79,1,0,2,10,0,0,0,0,2
true,63,2,1,9,15,1,0,0,1,5
true,108,1,3,15,38,0,0,0,1,2
false,23,2,1,0,2,1,0,0,0,0
false,45,1,0,1,9,1,0,0,0,2
false,46,2,0,0,6,1,0,0,0,0
false,49,2,3,0,6,0,0,0,0,0
true,112,6,6,10,28,1,0,0,1,9
true,74,3,1,2,13,1,0,0,0,6
true,124,7,5,8,34,0,0,1,1,9
false,63,1,2,1,7,1,0,0,0,0
true,75,4,7,4,19,0,0,0,3,3
false,90,4,1,12,21,1,0,0,1,1
false,15,1,0,0,2,1,0,0,0,0
false,54,2,0,5,9,0,0,0,1,0
true,94,1,0,0,24,1,0,0,0,5
true,114,3,0,15,23,0,0,0,1,8
true,50,1,0,0,13,0,0,0,0,8
false,16,1,0,3,3,1,0,0,0,3
true,63,2,1,3,16,1,0,0,0,4
true,122,2,7,5,42,1,0,0,2,4
true,81,2,2,8,22,1,0,0,0,7
true,53,5,4,18,18,0,1,0,4,8
true,59,2,2,12,17,0,0,0,2,2
true,35,1,2,5,5,1,0,0,0,3
false,59,2,0,1,11,1,0,0,0,2
false,54,2,3,2,7,1,0,0,0,0
true,91,3,1,13,29,0,1,0,4,4
false,94,2,2,8,17,1,0,0,2,1
false,46,2,1,3,8,1,0,0,0,0
true,129,3,7,6,47,0,0,0,3,4
false,69,3,0,17,18,1,0,0,0,0
true,87,2,3,9,26,1,0,0,0,5
false,80,1,2,2,9,1,0,0,0,0
false,30,1,0,3,4,0,0,0,1,1
false,30,3,4,4,5,1,0,0,2,1
true,85,4,4,22,28,0,1,1,0,1
false,56,1,2,4,7,0,0,0,1,0
false,47,1,2,6,6,0,0,0,0,1
true,105,1,4,20,22,0,1,1,1,5
false,50,3,0,3,8,1,0,0,2,0
true,72,3,5,1,20,0,0,1,1,4
false,37,1,1,7,6,1,0,0,0,0
false,91,3,3,11,24,1,0,0,3,1
false,63,2,0,1,11,1,0,0,0,2
true,54,3,2,0,15,0,1,0,1,5
true,71,1,1,4,13,0,0,0,0,7
true,110,1,2,4,25,0,0,1,5,8
true,76,1,2,4,10,1,0,0,3,3
false,61,1,3,1,10,1,0,0,0,0
false,49,1,2,0,9,1,0,0,0,1
false,56,2,2,0,6,1,0,0,1,1
false,109,1,0,4,24,0,0,0,1,0
false,58,1,0,1,8,1,0,0,0,1
true,68,1,10,8,25,0,0,1,3,3
false,105,1,1,9,19,1,0,0,0,2
true,90,3,4,20,32,0,1,0,1,6
false,59,1,0,0,12,1,0,0,0,0
true,98,4,8,11,21,1,0,0,0,6
false,57,2,1,0,8,1,0,0,1,0
false,106,3,4,11,24,1,0,0,0,1
false,42,1,0,0,6,1,0,0,0,0
true,74,3,3,20,20,0,0,1,1,4
true,84,1,0,4,20,1,0,0,0,5
true,93,6,4,6,24,1,0,0,6,6
false,33,2,1,3,4,1,0,0,0,0
true,90,6,0,6,21,0,1,0,1,5
true,110,3,0,0,29,0,0,0,0,9
true,84,3,6,0,25,0,0,0,1,2
false,15,2,1,2,2,1,0,0,1,0
false,53,1,1,2,8,1,0,0,0,0
true,109,1,5,9,33,0,0,1,2,5
true,65,2,6,14,17,0,0,0,0,9
true,121,3,4,10,40,1,1,1,4,4
false,41,1,3,2,6,1,0,0,0,1
false,43,1,1,2,7,1,0,0,0,2
true,102,1,3,12,18,0,0,0,4,5
true,86,2,0,5,15,1,0,0,2,4
true,59,4,5,9,16,0,0,0,2,5
true,79,1,4,4,20,0,0,0,3,6
false,37,2,0,4,4,1,0,0,0,1
true,120,3,1,8,32,0,1,0,2,6
false,102,4,4,8,17,1,0,0,2,1
true,82,2,3,6,21,0,0,0,0,4
false,44,1,1,5,9,1,0,0,0,0
true,137,6,1,10,43,0,0,0,3,7
true,143,1,1,1,42,0,0,0,4,5
true,85,4,2,9,22,0,0,0,1,5
true,80,4,7,14,27,0,0,0,3,4
false,33,1,1,1,4,1,0,0,0,0
true,125,1,2,7,32,0,0,0,1,7
true,44,3,2,15,10,0,1,1,0,5
false,64,1,0,4,6,1,0,0,0,1
true,109,5,3,20,34,0,0,0,0,4
false,32,3,1,4,7,0,0,0,0,1
true,164,2,6,6,32,1,0,0,4,4
false,40,3,2,2,4,1,0,0,0,1
true,131,7,5,14,48,0,0,0,4,8
true,54,2,2,11,7,1,0,0,1,6
false,52,3,1,0,10,0,0,0,1,0
false,69,1,3,7,12,0,0,0,0,1
true,106,2,0,16,35,0,0,0,1,5
true,142,3,0,6,50,0,0,0,1,8
false,57,2,0,0,10,1,1,0,1,0
true,60,2,0,5,17,0,0,0,0,6
false,56,3,1,0,6,1,0,0,2,0
false,49,1,1,1,5,1,0,0,0,1
true,142,2,0,1,34,0,0,0,0,4
false,72,2,0,3,14,1,0,0,1,0
false,55,1,0,15,14,1,0,0,3,0
false,33,3,2,0,5,1,0,0,0,0
true,50,1,3,0,11,1,0,0,0,4
false,57,2,0,0,11,1,0,0,0,0
false,70,1,2,4,7,1,0,0,0,0
true,127,6,7,2,33,0,0,0,1,5
true,131,3,3,5,40,0,0,0,0,8
true,69,2,0,8,19,0,0,0,0,5
true,143,1,2,3,30,1,0,0,2,5
false,42,1,0,1,5,1,0,0,0,1
true,78,1,1,4,20,1,0,0,2,3
false,50,4,0,0,9,1,0,0,3,0
false,80,2,2,9,20,1,0,0,2,0
true,59,4,4,9,11,1,0,0,2,6
false,63,1,1,2,7,1,0,0,0,1
false,53,1,2,6,8,1,0,0,0,1
true,112,3,5,15,29,0,1,1,0,1
false,60,1,1,2,10,1,0,0,0,0
true,85,2,0,2,19,0,0,0,1,4
true,108,5,1,12,25,1,1,1,4,3
false,51,1,0,0,5,1,0,0,0,0
false,45,1,0,2,5,1,0,0,0,0
false,50,1,2,0,8,1,0,0,0,0
true,100,5,3,11,32,0,0,0,1,7
false,43,3,1,1,8,1,0,0,1,2
true,96,1,0,4,27,0,0,0,0,9
true,100,3,1,3,23,0,0,0,1,6
true,76,2,0,5,12,0,0,0,0,7
false,26,1,2,0,5,1,0,0,0,0
false,15,1,0,1,2,1,0,0,0,0
false,30,1,0,2,4,1,0,0,0,1
false,128,4,3,0,35,1,0,0,1,1
true,122,1,3,15,35,0,0,0,2,5
false,59,2,1,2,8,1,0,0,0,2
true,76,4,2,11,18,1,1,1,0,2
true,66,2,2,8,15,1,0,0,1,4
false,34,2,1,5,5,1,0,0,0,0
true,113,2,0,6,33,1,0,0,0,6
true,103,1,6,8,36,0,0,0,3,6
false,44,1,0,4,6,1,0,0,0,0
true,56,3,0,6,9,1,0,0,2,5
false,59,3,1,0,8,1,0,0,1,0
false,92,2,2,2,15,1,0,0,3,0
true,85,8,2,9,19,1,0,0,0,2
false,58,1,4,0,9,0,0,0,0,1
false,61,2,0,0,9,1,0,0,0,0
true,98,5,2,16,30,0,0,0,0,3
false,15,3,2,4,3,1,0,0,0,0
false,47,2,2,3,7,1,0,0,0,0
true,114,2,2,8,22,0,0,0,0,4
false,39,2,0,3,8,0,0,0,1,0
false,26,3,1,4,5,1,0,0,0,2
true,111,2,3,5,38,0,0,0,3,7
true,109,1,2,13,24,0,0,0,0,6
true,59,2,6,16,18,0,0,0,4,4
false,31,2,1,0,4,1,0,0,0,1
false,29,1,0,0,5,1,0,0,0,0
false,38,3,1,1,6,1,0,0,2,1
false,39,1,1,1,5,1,0,0,0,1
true,93,5,4,16,24,0,0,0,1,5
false,39,2,0,1,8,1,0,0,0,0
false,40,2,2,0,5,1,0,0,0,0
true,57,2,0,9,16,0,0,1,0,5
false,25,1,0,0,5,1,0,0,0,0
false,63,1,1,1,11,1,0,0,0,0
true,99,1,1,4,17,1,0,0,0,6
false,107,1,5,5,19,1,0,0,1,0
false,38,2,1,0,6,1,0,0,0,1
false,68,3,1,2,10,1,0,0,0,0
false,61,2,1,7,6,0,0,0,1,0
true,75,1,1,1,14,1,0,0,0,7
false,123,2,0,0,31,1,0,0,0,1
true,93,2,4,4,27,0,0,0,2,6
true,126,4,3,7,41,0,0,0,3,6
false,82,3,0,0,21,1,0,0,2,1
true,96,6,0,22,28,0,1,0,0,7
false,66,1,0,1,9,1,0,0,0,1
false,55,3,1,1,7,1,0,0,2,1
false,75,2,2,1,8,1,0,0,0,0
true,71,1,2,10,19,1,0,1,0,5
true,60,1,0,0,12,0,0,1,0,7
false,49,2,0,0,9,1,0,0,0,0
false,109,3,2,9,18,1,0,0,1,0
false,73,1,0,2,8,1,0,0,0,0
false,37,2,0,0,6,1,0,0,1,0
false,56,4,0,0,6,1,0,0,2,1
false,74,2,3,10,18,1,0,0,3,1
true,55,2,2,24,19,0,0,0,3,3
true,63,1,0,4,10,0,0,0,0,4
false,83,2,0,9,17,1,0,0,2,0
true,54,2,5,24,13,0,1,0,1,1
true,64,2,5,17,23,0,1,0,0,5
true,115,2,4,10,29,0,0,0,0,4
false,104,2,1,2,30,1,0,0,2,0
false,81,2,1,8,17,1,0,0,1,0
true,159,5,4,10,50,0,0,0,0,7
false,53,1,1,4,8,1,0,0,0,0
false,69,1,0,2,13,0,0,0,1,0
false,128,3,2,6,36,1,0,0,3,2
false,34,1,0,1,4,1,0,0,0,1
true,70,2,3,5,10,1,0,0,1,3
true,108,2,0,12,26,1,0,1,0,8
true,88,6,6,12,17,0,1,1,2,5
false,46,1,0,0,8,1,0,0,0,0
false,35,3,2,1,5,1,0,0,0,0
false,15,1,3,1,2,1,0,0,0,0
false,60,2,1,3,11,1,0,0,0,0
true,106,6,2,13,29,0,1,0,2,4
false,35,1,0,0,3,1,0,0,0,1
false,54,3,0,0,11,1,0,0,1,1
false,58,2,0,0,8,1,0,0,0,0
false,62,1,0,1,8,1,0,0,0,1
true,81,3,2,10,18,0,0,0,3,7
true,89,2,3,3,15,1,0,0,1,5
false,100,3,3,1,29,0,0,0,1,4
false,78,4,1,4,19,1,0,0,1,0
false,31,1,0,0,4,1,0,0,0,1
true,84,1,0,7,19,0,0,0,1,5
true,115,3,5,5,22,1,0,0,2,6
false,53,1,1,3,6,1,0,0,0,0
false,52,2,0,4,9,1,0,0,1,0
false,37,3,0,2,5,1,0,0,1,0
true,104,1,0,6,23,0,0,0,1,7
true,123,6,5,16,22,0,0,0,2,6
true,80,1,1,10,17,1,0,0,1,7
false,120,2,4,12,33,1,0,0,2,2
false,80,4,0,3,16,1,0,0,2,1
false,93,2,1,13,17,0,0,0,1,0
true,101,5,8,10,24,0,0,0,2,5
false,59,2,0,2,8,1,0,0,0,0
true,134,4,3,7,29,1,1,0,2,6
false,58,3,0,1,7,1,0,0,2,0
true,142,4,5,17,54,0,0,0,0,3
true,152,2,6,19,52,0,0,0,2,3
true,62,5,2,16,20,0,1,0,0,3
false,71,3,0,1,16,0,0,0,2,1
true,129,2,2,6,29,0,0,0,1,5
true,111,4,5,19,32,1,0,0,2,8
false,45,1,1,0,5,1,0,0,0,0
true,93,1,3,15,31,1,1,0,4,7
false,83,1,2,5,19,0,0,0,0,2
false,118,4,3,16,30,1,0,0,2,1
false,41,1,2,3,8,1,0,0,0,0
true,95,3,8,7,36,0,0,1,0,1
true,96,2,1,7,20,1,0,0,1,6
true,136,3,9,13,29,0,0,0,1,8
true,95,5,7,10,34,1,0,1,2,6
false,97,2,4,1,16,1,0,0,2,1
true,78,1,1,7,26,0,0,0,0,5
false,37,1,0,4,7,1,0,0,0,0
true,76,1,1,9,19,1,0,0,4,3
true,86,1,0,2,15,1,0,0,0,10
false,39,2,0,2,8,1,0,0,0,0
true,77,6,1,19,23,0,0,1,3,4
false,50,3,0,6,9,1,0,0,1,1
false,35,2,3,1,5,1,0,0,1,0
false,92,2,0,12,16,1,0,0,2,2
false,80,1,3,7,19,1,0,0,1,2
true,64,2,3,9,14,1,0,0,2,5
true,88,3,2,2,17,1,0,0,3,2
true,62,5,6,10,17,0,1,1,3,4
false,20,2,1,1,4,1,0,0,0,0
false,48,2,3,4,7,1,0,0,0,2
true,56,6,0,15,12,0,0,0,5,7
false,70,3,5,0,17,0,0,0,1,1
true,153,2,6,8,37,1,0,0,1,2
true,141,3,0,6,25,1,0,1,1,5
true,75,1,1,0,20,1,0,0,1,6
true,108,4,3,3,21,1,1,0,2,4
true,139,9,6,9,50,0,0,0,2,2
false,39,2,1,0,4,1,0,0,1,1
false,81,3,5,9,20,1,0,0,2,1
true,117,4,4,8,26,0,0,1,6,4
